Date,Location,MinTemp,MaxTemp,Rainfall,Evaporation,Sunshine,WindGustDir,WindGustSpeed,WindDir9am,WindDir3pm,WindSpeed9am,WindSpeed3pm,Humidity9am,Humidity3pm,Pressure9am,Pressure3pm,Cloud9am,Cloud3pm,Temp9am,Temp3pm,RainToday,RainTomorrow
2017-01-01,Cobar,25.6,29.5,0.6,NA,NA,S,31,S,SSE,11,13,NA,NA,1004.6,1004.9,8,7,26.3,28.7,No,No
2017-01-02,Cobar,20,32,0,NA,NA,S,41,S,SSW,20,20,NA,NA,1010.3,1009.3,NA,NA,23.1,30.2,No,No
2017-01-03,Cobar,18.8,35.5,0,NA,NA,E,43,E,ESE,24,17,NA,NA,1012.9,1010.3,NA,NA,25.4,34.6,No,No
2017-01-04,Cobar,21,35.3,0,NA,NA,ENE,41,ENE,N,31,11,NA,NA,1013.6,1011.5,NA,NA,24.1,33.4,No,No
2017-01-05,Cobar,21.2,36.2,0,NA,NA,E,33,ENE,SSE,19,15,NA,NA,1013.4,1009.5,NA,3,26.7,33.3,No,No
2017-01-06,Cobar,23.9,37.1,0,NA,NA,SE,83,ENE,S,28,19,NA,NA,1011.7,1009,NA,NA,27,35.6,No,Yes
2017-01-07,Cobar,21,36.9,5,NA,NA,ENE,46,ENE,ENE,30,11,NA,NA,1012.6,1008.2,NA,7,26.7,35.1,Yes,No
2017-01-08,Cobar,23.8,39.2,0,NA,NA,NE,35,NNE,SSE,20,7,NA,NA,1010,1007.2,NA,1,30.1,37.8,No,No
2017-01-09,Cobar,25.5,40.8,0,NA,NA,SE,43,NNW,N,17,13,NA,NA,1010.3,1006.9,NA,2,33.4,38.6,No,No
2017-01-10,Cobar,26,41.1,0.2,NA,NA,NA,NA,S,SW,4,11,39,16,1009.9,1006.6,NA,8,31,39.6,No,No
2017-01-11,Cobar,28.7,39.5,0,NA,NA,SW,37,SE,SSW,9,17,43,24,1007.7,1006,8,8,31.7,36.7,No,No
2017-01-12,Cobar,24.6,40.1,0,NA,NA,NW,41,SE,W,17,20,23,16,1008.9,1005.7,7,1,29.8,38.7,No,No
2017-01-13,Cobar,28.8,45.7,0,NA,NA,NNW,57,NNW,NNW,22,30,21,10,1003.7,1000.7,NA,2,36.8,44,No,No
2017-01-14,Cobar,20.6,32.8,0,NA,NA,SW,43,SSW,SSW,22,24,67,16,1008.4,1008,8,NA,21.7,31.4,No,No
2017-01-15,Cobar,16.5,35.2,0,NA,NA,S,37,SSE,SSW,19,19,36,12,1013.3,1010.9,NA,NA,22.8,33.7,No,No
2017-01-16,Cobar,20.8,39.7,0,NA,NA,E,33,E,E,20,13,45,21,1012.3,1008.9,NA,1,27.6,37.8,No,No
2017-01-17,Cobar,27.1,43.4,0,NA,NA,NNW,54,N,NW,24,13,35,18,1011.2,1007.8,NA,3,34.9,39.7,No,No
2017-01-18,Cobar,29.7,40.7,0,NA,NA,NNW,46,NNW,SW,22,19,40,23,1009.1,1007,8,8,34.1,38.6,No,No
2017-01-19,Cobar,24.8,41.2,0,NA,NA,W,28,ESE,W,17,11,26,18,1008.6,1004.6,NA,3,29.8,38.1,No,Yes
2017-01-20,Cobar,23.3,31.9,9.4,NA,NA,W,57,WNW,WNW,13,24,96,59,1003,999.7,5,8,23.5,30.1,Yes,Yes
2017-01-21,Cobar,15.7,32,8,NA,NA,SSE,28,SSE,SSE,13,13,60,20,1009.8,1008.7,NA,NA,19.1,29.6,Yes,No
2017-01-22,Cobar,19.1,37.7,0,NA,NA,NNE,43,E,W,22,9,53,19,1011.6,1009.1,NA,NA,24.8,34.8,No,No
2017-01-23,Cobar,24.6,41.2,0,NA,NA,NA,NA,NNE,N,30,26,54,31,1008.3,1005.9,NA,8,31.2,39,No,NA
2017-01-01,Moree,27.3,43,0,NA,NA,SSW,48,N,N,26,17,39,22,1004,1000.4,NA,1,32.9,39.9,No,Yes
2017-01-02,Moree,23.8,35.6,4,NA,NA,S,54,ESE,S,13,22,80,44,1006,1003.8,7,4,25.7,34.1,Yes,No
2017-01-03,Moree,18.9,36,0,NA,NA,NE,46,ESE,S,15,11,47,26,1012.4,1009.8,NA,3,26.6,33.7,No,No
2017-01-04,Moree,20.1,35.8,0,NA,NA,NE,50,E,SE,30,15,40,20,1015.1,1011.2,NA,NA,26,34.1,No,No
2017-01-05,Moree,19.9,35.3,0,NA,NA,ENE,39,E,SSE,22,20,48,23,1015.1,1010.1,NA,3,25.2,34.2,No,No
2017-01-06,Moree,20.1,36.6,0,NA,NA,ENE,56,ENE,E,20,13,49,24,1013.4,1009.1,NA,1,26.5,35.3,No,Yes
2017-01-07,Moree,19.3,35.4,2.4,NA,NA,NE,48,E,S,26,15,50,25,1014.4,1009.2,NA,5,24.9,33.3,Yes,No
2017-01-08,Moree,19.4,35.6,0.2,NA,NA,ENE,43,ENE,ENE,20,7,47,27,1013.8,1009.4,NA,5,24.1,32.7,No,No
2017-01-09,Moree,20.8,36.4,0,NA,NA,NNE,37,NNE,SSE,24,7,48,24,1013.7,1009.2,NA,NA,24.5,35.1,No,No
2017-01-10,Moree,23.7,39.5,0,NA,NA,NNE,41,NNE,ESE,24,4,58,22,1012.9,1008.9,NA,NA,27.8,37.2,No,No
2017-01-11,Moree,26.5,41.6,0,NA,NA,NNE,41,NNE,N,28,15,42,19,1010.6,1006.8,NA,NA,30.6,40.5,No,No
2017-01-12,Moree,28.9,42.5,0,NA,NA,W,59,N,NNW,22,24,37,17,1009.2,1005.6,8,3,32.1,40.7,No,No
2017-01-13,Moree,26.1,42,0,NA,NA,NE,52,NNE,N,31,26,46,23,1009.4,1005.3,NA,NA,31.2,40.2,No,No
2017-01-14,Moree,29,41.4,0,NA,NA,WSW,70,N,NNW,22,20,51,28,1006.6,1001.9,1,8,31.8,40.3,No,No
2017-01-15,Moree,21.4,40.5,0.2,NA,NA,E,54,NE,NNW,11,19,30,25,1008.1,1006,NA,NA,28.8,38.6,No,No
2017-01-16,Moree,22.8,36.6,0,NA,NA,E,46,ENE,NE,26,13,60,36,1013.9,1010.8,7,8,26.6,34.5,No,No
2017-01-17,Moree,25.3,38.2,0,NA,NA,NNE,37,NNE,NNW,24,15,57,30,1016.4,1012.2,NA,2,28.4,36.2,No,No
2017-01-18,Moree,25.8,39.9,0,NA,NA,WSW,76,N,SW,19,31,39,28,1013,1008.8,1,6,30.9,36.5,No,No
2017-01-19,Moree,23.7,40.6,0,NA,NA,NE,65,E,WSW,9,22,46,27,1008.8,1005.2,NA,2,31.5,38.9,No,Yes
2017-01-20,Moree,23.4,38.6,1.4,NA,NA,W,96,NNE,WSW,37,41,71,86,1005.6,1001.5,7,8,26.5,25.2,Yes,Yes
2017-01-21,Moree,23.7,35.8,6.4,NA,NA,WSW,39,SSW,SW,24,22,64,23,1006.6,1006.2,NA,NA,26,34.6,Yes,No
2017-01-22,Moree,20.5,35.5,0,NA,NA,N,43,NE,N,28,20,59,37,1013.8,1011.1,NA,2,25.6,34,No,No
2017-01-23,Moree,21.3,36.6,0,NA,NA,NNE,48,NE,NNE,33,19,56,28,1015,1011.3,NA,NA,24.5,33.9,No,No
2017-01-01,NorahHead,21.4,26.3,0,NA,NA,N,28,SSW,SSE,9,7,90,88,1007.2,1005.4,NA,NA,23.5,24,No,Yes
2017-01-02,NorahHead,20.7,23.9,1.2,NA,NA,SSW,52,SSW,S,35,33,94,83,1008.6,1011.3,NA,NA,20.9,22.4,Yes,No
2017-01-03,NorahHead,19.3,24.4,0,NA,NA,SSW,37,SSW,S,26,30,89,74,1018.1,1017.9,NA,NA,20.2,23.8,No,No
2017-01-04,NorahHead,20.1,27.1,0,NA,NA,E,37,SE,SSE,22,15,64,57,1020.8,1019.9,NA,NA,23.3,25.8,No,Yes
2017-01-05,NorahHead,20.2,26,2.4,NA,NA,E,35,E,SE,11,11,100,76,1018.8,1016.9,NA,NA,20.6,24,Yes,No
2017-01-06,NorahHead,20.4,26,0.2,NA,NA,E,22,NW,E,4,19,84,70,1017.8,1017.4,NA,NA,23,25.1,No,No
2017-01-07,NorahHead,20.8,27.9,0,NA,NA,NE,43,ESE,ENE,7,24,78,66,1018,1014.9,NA,NA,23.8,26.9,No,No
2017-01-08,NorahHead,20.1,28.3,0,NA,NA,NE,50,NNE,NE,19,37,66,71,1013.4,1010.4,NA,NA,24.4,25.6,No,No
2017-01-09,NorahHead,20.1,28.9,0,NA,NA,NE,44,NNE,NE,13,20,76,65,1011.5,1009.4,NA,NA,24.4,27.4,No,No
2017-01-10,NorahHead,21.3,27.5,0,NA,NA,SE,31,NA,E,0,15,95,76,1011.4,1009.2,NA,NA,22.4,26.2,No,No
2017-01-11,NorahHead,22.2,32.7,0,NA,NA,SW,59,S,N,4,11,82,63,1007.6,1004.1,NA,NA,26,28.2,No,No
2017-01-12,NorahHead,21.7,27.6,0,NA,NA,SSW,35,SSW,ESE,9,11,82,70,1012.2,1010.9,NA,NA,23.8,26.9,No,No
2017-01-13,NorahHead,21.8,31.7,0,NA,NA,NNE,59,NNE,NE,17,37,91,79,1009.3,1001.6,NA,NA,23.1,25.9,No,No
2017-01-14,NorahHead,23,30.3,0,NA,NA,S,33,WNW,S,7,6,58,77,1002.9,1003.1,NA,NA,29.9,26.2,No,No
2017-01-15,NorahHead,22.2,27.2,0,NA,NA,SE,35,E,E,13,20,78,73,1014.8,1015.8,NA,NA,23.4,24.4,No,No
2017-01-16,NorahHead,20.7,28.5,0,NA,NA,NE,46,NE,NE,15,33,82,68,1017.4,1014.1,NA,NA,23.1,26.3,No,No
2017-01-17,NorahHead,19.9,36.6,0,NA,NA,NNE,54,NNE,NE,7,24,84,75,1014,1008.8,NA,NA,23.7,26.4,No,No
2017-01-18,NorahHead,23.3,39.9,0,NA,NA,S,54,NW,SSW,13,26,32,82,1005.7,1006,NA,NA,36.4,24.7,No,No
2017-01-19,NorahHead,20.4,23.8,0,NA,NA,S,50,SSE,ENE,9,20,79,79,1014.9,1013.4,NA,NA,21.1,21.4,No,No
2017-01-20,NorahHead,20.4,28.7,0,NA,NA,SSW,69,NNE,N,30,26,81,99,1001.5,995.5,NA,NA,22.8,24.5,No,Yes
2017-01-21,NorahHead,20.3,25.1,7.6,NA,NA,S,63,S,S,26,22,69,64,1010.1,1012.1,NA,NA,22,24.9,Yes,No
2017-01-22,NorahHead,20,27.1,0.2,NA,NA,NE,43,SSW,ENE,9,15,80,61,1017.6,1015.8,NA,NA,22,26.4,No,No
2017-01-23,NorahHead,21.1,28.9,0.2,NA,NA,NE,52,NNE,NE,19,35,77,72,1014.9,1010.7,NA,NA,24.5,25.6,No,No
2017-01-01,Penrith,22.2,27.8,0,NA,NA,SW,22,NNW,SW,4,9,77,69,NA,NA,NA,NA,24,26.9,No,Yes
2017-01-02,Penrith,21.1,26.1,2.4,NA,NA,SE,31,S,ESE,13,13,79,61,NA,NA,NA,NA,22.1,24.6,Yes,No
2017-01-03,Penrith,17.6,28.7,0,NA,NA,ESE,43,S,ESE,9,15,62,46,NA,NA,NA,NA,22,26.9,No,Yes
2017-01-04,Penrith,18.4,27.2,2.4,NA,NA,E,31,SE,ESE,11,13,70,42,NA,NA,NA,NA,22,26.4,Yes,No
2017-01-05,Penrith,18.7,25.5,0.4,NA,NA,ESE,22,SSW,ENE,4,15,82,78,NA,NA,NA,NA,21.3,23.3,No,Yes
2017-01-06,Penrith,19.3,25.4,1.4,NA,NA,ENE,28,NA,SW,0,7,77,79,NA,NA,NA,NA,23.8,24.3,Yes,Yes
2017-01-07,Penrith,17.8,31.2,12.8,NA,NA,ENE,31,NNW,ESE,4,7,74,40,NA,NA,NA,NA,22.7,30.5,Yes,No
2017-01-08,Penrith,17.1,36.5,0,NA,NA,ENE,28,NNE,ENE,4,13,72,33,NA,NA,NA,NA,22.9,34.9,No,No
2017-01-09,Penrith,20.3,37.2,0,NA,NA,S,41,SW,ESE,4,13,60,34,NA,NA,NA,NA,27.5,36.7,No,Yes
2017-01-10,Penrith,22.1,38.5,2,NA,NA,SE,26,S,N,7,9,87,38,NA,NA,NA,NA,23.2,35.6,Yes,No
2017-01-11,Penrith,23,42,0,NA,NA,W,59,N,WNW,2,22,72,22,NA,NA,NA,NA,26.9,40.5,No,No
2017-01-12,Penrith,21.1,32.5,0,NA,NA,ESE,31,NNW,ESE,4,11,78,46,NA,NA,NA,NA,24,30.6,No,No
2017-01-13,Penrith,22.9,44.8,0,NA,NA,NW,59,NNE,NW,15,35,65,20,NA,NA,NA,NA,25.7,43.5,No,No
2017-01-14,Penrith,25.5,40.8,0,NA,NA,SSW,39,NNE,N,4,15,49,24,NA,NA,NA,NA,30.9,37.7,No,No
2017-01-15,Penrith,21.3,29.9,0,NA,NA,E,31,NNW,E,4,15,70,52,NA,NA,NA,NA,24.1,27.7,No,No
2017-01-16,Penrith,19.4,35.8,0,NA,NA,ENE,37,N,N,20,9,62,33,NA,NA,NA,NA,25.2,33.5,No,No
2017-01-17,Penrith,19.4,43.9,0,NA,NA,NW,41,NNE,NW,6,24,67,21,NA,NA,NA,NA,25.6,42.5,No,No
2017-01-18,Penrith,25.1,45.1,0,NA,NA,SE,59,WNW,SE,30,31,28,38,NA,NA,NA,NA,37.5,33,No,No
2017-01-19,Penrith,17.8,22.5,0.2,NA,NA,S,24,SSW,E,7,7,65,96,NA,NA,NA,NA,21.1,19.3,No,Yes
2017-01-20,Penrith,18.8,32.1,2,NA,NA,SSE,43,N,N,19,7,75,83,NA,NA,NA,NA,22.1,26.4,Yes,Yes
2017-01-21,Penrith,20.9,29.6,4.4,NA,NA,ESE,37,SE,ENE,7,17,54,38,NA,NA,NA,NA,22.4,28.6,Yes,No
2017-01-22,Penrith,18.3,31.6,0,NA,NA,ENE,30,NNE,N,4,7,58,43,NA,NA,NA,NA,22.2,29.4,No,No
2017-01-23,Penrith,18.4,40.2,0,NA,NA,NNE,41,N,NE,6,15,69,32,NA,NA,NA,NA,23.3,37.3,No,No
2017-01-01,Richmond,22.6,28.7,0,7.2,NA,S,22,N,NE,2,13,76,67,1007.3,1004.9,8,6,24.4,27.4,No,No
2017-01-02,Richmond,21.2,26.9,1,3.4,NA,SE,35,S,SE,13,20,77,61,1010,1011,8,8,22.6,24.5,No,No
2017-01-03,Richmond,16.6,28.9,0.2,2.2,NA,SE,46,S,ESE,13,24,62,45,1018.7,1017.2,8,8,21.5,27.7,No,No
2017-01-04,Richmond,18,27.8,0,5.4,NA,SE,35,ESE,SSE,22,22,57,42,1021.3,1019,8,5,22.6,26.4,No,No
2017-01-05,Richmond,18.6,24.3,0.2,4.4,NA,SE,24,SSE,E,6,11,86,84,1018.9,1016.7,8,8,20.7,22.4,No,Yes
2017-01-06,Richmond,18.8,27.2,4,1.4,NA,E,33,WNW,W,4,11,78,91,1018,1017.3,5,8,23.6,22,Yes,Yes
2017-01-07,Richmond,16.1,31,1.8,NA,NA,ENE,35,NNE,ENE,6,9,76,45,1018.4,1013.3,NA,4,23.2,29,Yes,No
2017-01-08,Richmond,15.4,36.4,0,NA,NA,ENE,30,NW,E,6,13,74,29,1013.4,1008.5,NA,NA,22.9,34.9,No,No
2017-01-09,Richmond,18.5,38.7,0,11.6,NA,S,39,NW,SE,6,15,66,30,1011.3,1007,NA,NA,26.8,37.6,No,No
2017-01-10,Richmond,21.8,37.6,0,8.2,NA,S,41,SE,N,6,9,74,42,1011.8,1007.5,3,NA,24.4,35.2,No,Yes
2017-01-11,Richmond,22.5,41.9,1.2,5.6,NA,WNW,57,NA,W,0,28,79,21,1007.9,1003.2,7,1,26.3,39.8,Yes,No
2017-01-12,Richmond,21.6,32.6,0.2,9.2,NA,ESE,39,NNW,SSE,6,20,77,45,1012.4,1009,8,1,24.3,31.7,No,No
2017-01-13,Richmond,22.7,44.5,0,7.6,NA,W,61,NNE,NW,19,30,66,21,1008.6,999.3,2,1,25.7,42.7,No,No
2017-01-14,Richmond,25.4,40.9,0,NA,NA,SE,43,NNW,WNW,7,22,49,21,1003.2,1002,5,NA,31,38,No,No
2017-01-15,Richmond,21.2,30.7,1,NA,NA,ESE,35,SE,ESE,9,24,67,52,1014.8,1014.3,8,6,24.3,29.2,No,No
2017-01-16,Richmond,18.1,35.8,0.2,27.4,NA,ENE,35,NNE,ENE,15,11,67,33,1017,1011.8,5,NA,25.4,34,No,No
2017-01-17,Richmond,17.6,43.7,0,9,NA,NE,48,NNE,WNW,7,17,71,18,1013.6,1006.9,NA,1,24.5,42.5,No,No
2017-01-18,Richmond,24.3,44.4,0,11.8,NA,WNW,59,WNW,ESE,35,43,28,40,1005.3,1004.2,NA,NA,37.6,32.9,No,No
2017-01-19,Richmond,17.9,23,0.4,12.1,NA,SSE,24,SSW,ESE,11,9,66,93,1015.4,1013.6,7,8,21.1,19.3,No,Yes
2017-01-20,Richmond,19.1,34.1,1.6,2.2,NA,SSE,56,NE,N,20,17,73,68,1000.8,994,NA,6,23,30,Yes,Yes
2017-01-21,Richmond,20.4,30,4.6,NA,NA,ESE,39,SE,N,11,11,52,39,1010.3,1010.6,8,NA,23.2,28.1,Yes,No
2017-01-22,Richmond,18.1,31,0.2,NA,NA,E,37,NNW,E,6,11,60,44,1017.8,1014.1,NA,NA,22.4,28.8,No,No
2017-01-23,Richmond,16.7,39.2,0,16.8,NA,ENE,39,NNE,NNE,7,22,70,30,1014.8,1007.9,1,1,23.5,38.2,No,No
2017-01-01,Sydney,22.7,26.6,0,6.8,0,E,24,E,E,9,19,70,70,1007.4,1005.5,7,8,24.6,24.9,No,No
2017-01-02,Sydney,21.2,26.3,0.4,3.4,3.5,S,56,SSW,SSE,26,28,71,54,1009.9,1011.8,7,5,22.1,24.8,No,Yes
2017-01-03,Sydney,18.5,26.6,2.6,6.2,8.8,SSE,48,S,SSE,19,19,66,60,1018.5,1018.3,7,7,21.9,25.4,Yes,Yes
2017-01-04,Sydney,20.1,25.9,1.2,7.8,5.6,ESE,31,ESE,ESE,22,22,53,45,1021.4,1020,7,7,24,23.7,Yes,Yes
2017-01-05,Sydney,19.6,24.3,5,6,0.5,ENE,30,NNE,E,7,20,89,69,1019,1017.2,8,7,20.5,22.6,Yes,Yes
2017-01-06,Sydney,19.9,26.5,8.8,3.8,4.8,E,35,ESE,E,15,22,86,57,1018.3,1017.5,7,6,20,25.3,Yes,Yes
2017-01-07,Sydney,19.2,26.8,4.4,6.6,11.5,NE,43,S,NE,2,28,61,57,1018.4,1015,3,3,24.8,25.2,Yes,No
2017-01-08,Sydney,19.7,28.5,0,10.4,11.7,NE,54,N,ENE,11,20,52,52,1013.5,1010,2,6,25.1,27.5,No,No
2017-01-09,Sydney,21.3,29.9,0,9.6,9.2,ENE,31,ESE,E,9,20,57,57,1011.5,1009.2,2,2,27,26.7,No,No
2017-01-10,Sydney,22.6,31.3,0.4,8.2,8.8,E,31,W,E,9,17,73,49,1012,1008.1,7,4,24.8,30.5,No,No
2017-01-11,Sydney,24,37.7,0,7.4,10.9,SSE,63,W,ESE,9,20,53,47,1007.6,1003.4,4,7,29.2,31.4,No,No
2017-01-12,Sydney,22.3,28.4,0,9.4,7.2,E,31,SSE,E,7,20,68,52,1012.4,1010.7,7,2,24.7,26.8,No,No
2017-01-13,Sydney,23,30.5,0,8.6,8.9,SSW,52,N,NE,15,30,68,57,1008.9,1001.3,8,1,24.6,29,No,No
2017-01-14,Sydney,24.6,32.5,0,10.6,7.1,ESE,35,NNW,ESE,2,22,59,52,1003.4,1003.2,8,1,28.7,29.2,No,No
2017-01-15,Sydney,22.8,27,0,8,6.9,ESE,33,E,E,20,22,56,57,1015.1,1015.7,6,7,25.6,25.5,No,No
2017-01-16,Sydney,21.7,27.2,0,7.2,12.1,NE,52,NNE,NE,22,28,55,57,1017.1,1013.9,3,0,26.2,26.3,No,No
2017-01-17,Sydney,20.8,36.6,0,10.4,11.9,NNE,50,ESE,ENE,6,11,64,44,1013.6,1008.3,NA,2,25.3,32.6,No,No
2017-01-18,Sydney,25.1,38.1,0,13.8,11.1,SSE,59,WNW,SSE,20,31,26,52,1005.4,1006.8,1,2,36.5,30.1,No,No
2017-01-19,Sydney,20.1,24.5,0,12.6,0,ENE,41,ESE,ENE,20,19,61,53,1015.3,1013.7,8,8,21.5,22.7,No,No
2017-01-20,Sydney,19,29.2,0,5.8,2.6,SSW,65,NNE,NNW,22,28,62,68,1001.1,994.3,7,7,24.1,28.3,No,Yes
2017-01-21,Sydney,20.8,27.4,7.8,6.2,9.7,SSE,48,SSE,SE,22,20,49,42,1010.5,1012.2,7,1,22.2,26.6,Yes,No
2017-01-22,Sydney,20.4,26.5,0,9.1,10.7,ENE,39,NE,E,4,22,50,50,1017.9,1015.8,1,4,23.8,26,No,No
2017-01-23,Sydney,21.5,32.6,0,9.6,12.1,NE,56,NNW,NE,17,20,60,51,1014.9,1010.1,3,1,25.5,28.6,No,No
2017-01-01,WaggaWagga,15.9,31.5,NA,NA,NA,W,37,E,WNW,11,28,60,27,1005.3,1004.6,8,4,22,29.5,NA,Yes
2017-01-02,WaggaWagga,14.3,32.7,14,39.4,NA,SW,41,SW,SW,11,17,66,26,1010.6,1008.7,NA,NA,18.9,30.6,Yes,No
2017-01-03,WaggaWagga,16.9,32,0,11.2,NA,ENE,57,E,SSW,28,9,49,22,1017.5,1013.9,NA,NA,21.8,29.4,No,No
2017-01-04,WaggaWagga,18.4,30.4,0,11.4,NA,ENE,44,ENE,NE,30,17,46,29,1018.6,1016.1,NA,NA,23.1,28.8,No,No
2017-01-05,WaggaWagga,17.8,32.9,0,10.8,NA,ENE,43,ENE,NE,24,13,51,22,1017.4,1012.8,NA,NA,22.1,32.3,No,No
2017-01-06,WaggaWagga,19.7,35.3,0,9.8,NA,ENE,44,ENE,NNE,24,6,50,18,1015.7,1012.6,NA,NA,25.1,33.6,No,No
2017-01-07,WaggaWagga,18.6,35.4,0,NA,NA,ENE,39,ENE,SW,19,11,45,22,1015.7,1010.5,NA,NA,24.4,33.9,No,No
2017-01-08,WaggaWagga,20.3,35.9,0,NA,NA,NW,30,N,NNW,19,15,38,25,1010.7,1007.4,NA,NA,27.5,34.9,No,No
2017-01-09,WaggaWagga,21,35.9,0,27.8,NA,W,56,E,SW,7,35,45,42,1009.7,1010,1,8,28.8,29.9,No,No
2017-01-10,WaggaWagga,19.6,33.7,0,5.4,NA,NW,28,E,N,7,11,63,39,1011.5,1009,NA,8,25.9,31.5,No,No
2017-01-11,WaggaWagga,20.3,36.7,0,8,NA,W,52,N,W,2,37,53,18,1007.9,1005.8,NA,2,28.4,35.7,No,No
2017-01-12,WaggaWagga,14.2,36.8,0,15,NA,SSW,30,NNW,WSW,6,13,43,7,1010.3,1006.8,NA,NA,23.7,35.7,No,No
2017-01-13,WaggaWagga,19.6,41.4,0,11,NA,WSW,69,ENE,NW,20,41,51,19,1003.8,997.2,6,8,27.6,38.5,No,NA
2017-01-14,WaggaWagga,16.3,27.6,NA,NA,NA,SW,54,W,WSW,20,28,74,27,1008.2,1008.6,2,NA,18.4,26.2,NA,NA
2017-01-15,WaggaWagga,10.9,33.3,NA,NA,NA,SSW,31,WNW,S,7,9,60,13,1015.3,1012.5,NA,NA,18.5,31,NA,Yes
2017-01-16,WaggaWagga,13,36.1,5.8,28.2,NA,NW,33,E,WSW,15,13,58,15,1015.5,1011.4,NA,NA,23.4,34.1,Yes,No
2017-01-17,WaggaWagga,15.3,41.5,0,9.8,NA,W,54,E,WNW,11,28,35,16,1012.1,1006.4,NA,1,27.1,39.9,No,No
2017-01-18,WaggaWagga,16.5,38.2,0,13.4,NA,WSW,63,NNW,WSW,13,37,31,18,1006.4,1007.8,NA,NA,26.1,35.1,No,NA
2017-01-19,WaggaWagga,16.6,34.5,NA,NA,NA,E,41,ENE,NW,24,9,52,22,1010.6,1006.2,6,1,22.3,32.5,NA,No
2017-01-20,WaggaWagga,20.4,27.9,1,25.8,NA,SW,57,N,SW,13,39,76,80,997.2,995.7,7,8,24,23.6,No,NA
2017-01-21,WaggaWagga,11.1,31.8,NA,NA,NA,SW,33,E,W,6,19,63,17,1010.6,1009.4,NA,NA,17.7,29.8,NA,NA
2017-01-22,WaggaWagga,17.4,35,NA,NA,NA,E,35,E,N,26,9,54,24,1014.7,1010.8,NA,NA,22.4,32.6,NA,Yes
2017-01-23,WaggaWagga,21.4,39.7,7,24.6,NA,N,50,ENE,WNW,19,28,44,24,1009.6,1004.5,NA,7,27.5,38.6,Yes,No
2017-01-01,Williamtown,22.5,27.5,0,NA,NA,S,30,SSE,SSE,11,17,83,64,1006.9,1004.9,8,6,24,27.3,No,Yes
2017-01-02,Williamtown,20.7,25.7,28.4,NA,NA,SSE,48,SSW,SSE,31,33,91,73,1008.6,1011,8,8,21.8,24.3,Yes,No
2017-01-03,Williamtown,17.2,26.1,0.2,NA,NA,SSE,48,SSW,SSE,31,30,73,65,1017.4,1017.5,NA,1,22.6,24.9,No,Yes
2017-01-04,Williamtown,19,25.6,3.4,NA,NA,SSE,37,ESE,SSE,20,24,64,61,1020.4,1019.2,NA,7,23,24.1,Yes,No
2017-01-05,Williamtown,19.4,27,0.2,NA,NA,E,41,ESE,ESE,15,28,85,67,1018.3,1015.9,5,8,21.9,25.3,No,No
2017-01-06,Williamtown,17.6,27.7,0.6,NA,NA,ESE,50,SE,ESE,17,31,69,63,1017.1,1016.3,8,4,24.8,25.7,No,Yes
2017-01-07,Williamtown,17.2,27.9,5,NA,NA,ENE,50,NNE,ENE,13,28,67,55,1017.7,1014,7,NA,24.2,26.6,Yes,No
2017-01-08,Williamtown,18.5,31.5,0,NA,NA,ENE,37,NNE,E,17,26,55,48,1013.8,1010.1,NA,NA,24.2,30.6,No,No
2017-01-09,Williamtown,16.9,34.6,0,NA,NA,ENE,35,N,E,9,19,64,39,1011.4,1008.3,NA,NA,25.3,33.6,No,No
2017-01-10,Williamtown,19.6,35.5,0,NA,NA,SSE,31,NW,ESE,13,22,74,51,1011.7,1008.4,5,2,25.1,31.1,No,No
2017-01-11,Williamtown,23.2,42,0,NA,NA,WNW,61,N,NW,11,33,64,19,1007.6,1004,6,2,28.4,40.3,No,No
2017-01-12,Williamtown,23.2,27.9,0,NA,NA,SSW,50,S,ESE,19,24,67,61,1011.7,1010.6,NA,8,25.9,26.6,No,No
2017-01-13,Williamtown,23.2,37.9,0,NA,NA,ENE,37,N,ENE,15,20,69,44,1008.9,1002.5,1,NA,26.2,35.4,No,No
2017-01-14,Williamtown,26.1,35.4,0,NA,NA,SSE,41,NNW,SE,6,24,52,57,1002.7,1003.2,6,NA,31.1,29.1,No,No
2017-01-15,Williamtown,21.8,26.4,0,NA,NA,SE,35,E,ESE,17,20,71,58,1014.5,1015.3,8,8,23.4,25.8,No,No
2017-01-16,Williamtown,17.9,29.7,0,NA,NA,NA,NA,NE,ENE,17,31,67,52,1016.8,1013.4,NA,NA,25,29,No,No
2017-01-17,Williamtown,16.5,41.6,0,NA,NA,NA,NA,NA,NNW,NA,15,74,25,1014.3,1008.8,NA,1,24.6,39.8,No,No
2017-01-18,Williamtown,24.6,42.5,0,NA,NA,WNW,72,WNW,SSE,39,28,32,66,1006.3,1004.6,5,1,35.7,29.9,No,No
2017-01-19,Williamtown,19.7,25.2,0.6,NA,NA,S,39,SE,E,19,19,85,59,1014.8,1012.5,8,8,21,23.1,No,No
2017-01-20,Williamtown,20.1,29.9,0.2,NA,NA,SSW,56,N,NNW,20,11,67,88,1002.5,997,4,3,24.3,25.9,No,Yes
2017-01-21,Williamtown,20.8,26,6.4,NA,NA,SSW,54,SSW,SSE,20,26,67,58,1010,1011.8,8,NA,22.4,25.2,Yes,No
2017-01-22,Williamtown,17.8,27.8,0,NA,NA,NA,NA,SW,E,7,26,61,50,1017.2,1015,NA,NA,24.1,26.8,No,No
2017-01-23,Williamtown,20.1,34.7,0,NA,NA,NA,NA,NA,ENE,NA,24,66,43,1014.8,1010.6,NA,NA,24,31.7,No,No
2017-01-01,Wollongong,20.8,24.1,0.2,NA,NA,NE,31,N,N,4,11,86,86,1007.4,1005.8,8,7,22,21.3,No,No
2017-01-02,Wollongong,20.2,22.7,0.8,NA,NA,SSW,54,SSW,S,31,15,78,78,1010.6,1012.1,7,8,20.6,20.9,No,Yes
2017-01-03,Wollongong,17.6,22.5,5,NA,NA,S,46,SSW,S,28,33,70,76,1019,1019.1,NA,8,21.1,21.7,Yes,Yes
2017-01-04,Wollongong,18.3,25,3.6,NA,NA,SE,30,SE,ESE,19,15,65,57,1022.1,1020.7,1,NA,21.6,23.4,Yes,Yes
2017-01-05,Wollongong,18.8,23.2,1.6,NA,NA,NNE,33,SSW,NNE,7,15,91,91,1019.6,1017.6,7,8,20,21,Yes,Yes
2017-01-06,Wollongong,18.9,26.1,11.8,NA,NA,ENE,26,N,ESE,17,7,93,76,1018.8,1018.1,5,8,20,24.6,Yes,No
2017-01-07,Wollongong,18.6,25.9,0.6,NA,NA,NE,44,NE,NE,13,30,80,72,1018.4,1014.7,7,NA,22.1,24.4,No,No
2017-01-08,Wollongong,20.3,25.4,0,NA,NA,NE,46,NNE,NNE,15,26,69,69,1012.7,1009.3,NA,1,23.3,24.9,No,No
2017-01-09,Wollongong,20.9,26.1,0,NA,NA,SSW,57,SSW,E,7,9,83,74,1011.8,1009.7,6,5,23.3,24.7,No,Yes
2017-01-10,Wollongong,21.8,28.9,1.2,NA,NA,N,35,N,SE,17,11,76,74,1010.9,1008.8,7,4,24.2,25.7,Yes,No
2017-01-11,Wollongong,21.2,29.3,0.2,NA,NA,SSW,63,ENE,N,13,11,83,65,1007.1,1003.7,4,2,25.1,27.4,No,No
2017-01-12,Wollongong,20.9,26.3,0,NA,NA,SSW,33,SSW,ESE,7,13,79,70,1012.7,1011.1,8,NA,22.7,25.6,No,No
2017-01-13,Wollongong,21.9,31.5,0,NA,NA,NE,50,NNE,NE,22,33,76,76,1008.1,1000.8,8,NA,23.5,25.5,No,No
2017-01-14,Wollongong,23.4,30,0.2,NA,NA,WNW,52,WSW,SSE,20,9,45,72,1003.7,1003.9,8,1,28.5,25.4,No,No
2017-01-15,Wollongong,20.5,23.8,0,NA,NA,SE,37,S,SSE,17,20,73,74,1015.7,1016.7,8,8,23.2,22,No,Yes
2017-01-16,Wollongong,19.9,26.9,2.6,NA,NA,NE,54,NNW,NE,24,41,69,72,1016.6,1013.4,1,NA,23.7,24.4,Yes,No
2017-01-17,Wollongong,19.9,34.9,0,NA,NA,ENE,37,NE,NE,19,20,72,73,1012.5,1007.4,NA,5,24.7,25.6,No,No
2017-01-18,Wollongong,23.2,27.1,0,NA,NA,SSE,65,SSW,S,31,24,72,70,1005.3,1007.7,NA,1,24.9,25.6,No,No
2017-01-19,Wollongong,19,23.3,0,NA,NA,S,39,SSE,NNE,19,17,68,60,1015.9,1013.6,8,8,20.1,22.2,No,No
2017-01-20,Wollongong,20.1,27.8,0,NA,NA,SSW,72,NNE,NNE,28,17,73,74,999.7,993.3,8,NA,21.9,25.7,No,Yes
2017-01-21,Wollongong,19.7,23.4,3.8,NA,NA,SSW,56,S,SSE,26,24,53,58,1010.8,1012.6,8,NA,21.3,22.4,Yes,No
2017-01-22,Wollongong,18,25.5,0,NA,NA,NE,31,SE,NE,9,24,64,60,1017.9,1015.6,NA,NA,21.8,24.9,No,No
2017-01-23,Wollongong,21.3,33.6,0,NA,NA,NE,50,NE,NNE,19,20,74,71,1014.1,1009.3,NA,NA,23.9,25,No,No
2017-01-01,Canberra,12.6,27.8,0,NA,NA,NW,37,N,WNW,2,22,74,34,1006.2,1004.6,1,8,21,26.7,No,No
2017-01-02,Canberra,15.7,29.9,0,NA,NA,SE,43,NE,S,9,13,73,33,1009.2,1008.3,3,8,19.6,27.7,No,No
2017-01-03,Canberra,13.1,27.1,0,NA,NA,ENE,44,SE,ENE,17,28,53,39,1018.3,1016.2,4,1,19.3,24.5,No,No
2017-01-04,Canberra,11,25.1,0,NA,NA,E,37,ENE,E,13,15,68,46,1021,1018.5,8,8,17.4,22.8,No,No
2017-01-05,Canberra,11.2,29.9,0,NA,NA,SSW,54,SE,NE,9,15,68,33,1018.4,1014,4,1,18.5,28.6,No,Yes
2017-01-06,Canberra,14.5,30.6,1.4,NA,NA,ENE,43,SE,NE,7,24,69,29,1017.5,1014.3,NA,1,20.3,28.9,Yes,No
2017-01-07,Canberra,11.8,32.4,0,NA,NA,ENE,35,N,NNW,6,13,65,27,1017.4,1011.3,NA,NA,19.5,30.8,No,No
2017-01-08,Canberra,14.9,32.2,0,NA,NA,WNW,37,WSW,WNW,6,19,65,27,1012.1,1009.5,NA,NA,21.5,31.1,No,No
2017-01-09,Canberra,19.3,35.7,0,NA,NA,SW,48,NNW,WSW,9,28,52,30,1011.4,1008.1,8,8,25.4,33.1,No,No
2017-01-10,Canberra,17.3,34.2,0,NA,NA,NW,44,NW,WNW,13,24,58,35,1011.2,1008.8,NA,8,25.1,31,No,No
2017-01-11,Canberra,16.1,36,0,NA,NA,W,57,W,WNW,13,31,53,28,1008.4,1005.2,NA,1,27.6,35,No,No
2017-01-12,Canberra,12.9,35.1,0,NA,NA,E,52,SE,WNW,9,11,65,22,1011.4,1007.8,6,NA,20.6,32.8,No,No
2017-01-13,Canberra,17.2,39.6,0,NA,NA,NNW,61,NW,NW,6,30,65,21,1006.8,998.8,NA,1,22.9,38.8,No,No
2017-01-14,Canberra,18.9,30.3,0.4,NA,NA,WNW,56,WNW,WNW,30,35,50,17,1004.7,1004.6,NA,NA,23.9,29.7,No,No
2017-01-15,Canberra,11.3,31.4,0,NA,NA,ENE,52,ESE,WSW,9,17,62,19,1014.8,1012.5,NA,NA,19,29.3,No,No
2017-01-16,Canberra,16.6,35.5,0,NA,NA,NW,33,ESE,WSW,6,17,66,21,1015.8,1011.5,NA,NA,21.1,34,No,No
2017-01-17,Canberra,12.6,38.6,0,NA,NA,WNW,54,W,W,4,28,59,22,1013.4,1008.7,NA,1,23.4,36.9,No,No
2017-01-18,Canberra,16.1,38,0,NA,NA,W,59,N,W,11,33,47,12,1006.3,1006,NA,NA,28,37,No,No
2017-01-19,Canberra,14.3,23.7,0,NA,NA,E,37,ESE,NE,15,15,74,57,1014,1010.5,8,8,15.2,21.5,No,Yes
2017-01-20,Canberra,15.1,29,2.8,NA,NA,WNW,59,W,NW,2,33,87,81,998,991.9,6,8,17.4,24,Yes,Yes
2017-01-21,Canberra,8.5,31.2,2.2,NA,NA,E,46,SSE,W,13,13,50,23,1009.8,1009.1,NA,NA,16.9,28.4,Yes,No
2017-01-22,Canberra,15,32.3,0,NA,NA,E,37,SW,WNW,7,13,65,25,1016.4,1011.9,8,NA,18,31.1,No,No
2017-01-23,Canberra,13.9,36.9,0,NA,NA,NW,50,NW,NNW,4,13,63,37,1012.5,1007.4,2,1,21.8,34,No,Yes
2017-01-01,Tuggeranong,14,28,0,NA,NA,W,35,SSW,WNW,4,19,76,36,1006,1004.2,NA,NA,20.1,26.6,No,No
2017-01-02,Tuggeranong,14,28.6,0,NA,NA,SSE,43,W,SSW,2,17,65,36,1009,1008.1,NA,NA,19.8,27.7,No,No
2017-01-03,Tuggeranong,15,26,0,NA,NA,ENE,37,S,ENE,9,15,56,37,1018.1,1015.4,NA,NA,17.9,24.9,No,No
2017-01-04,Tuggeranong,13.1,24.7,0,NA,NA,ENE,31,NNE,ENE,7,15,68,48,1020.6,1018.1,NA,NA,17.6,22.8,No,No
2017-01-05,Tuggeranong,12.1,28.9,0,NA,NA,SSE,44,SSW,ENE,9,9,70,36,1018.1,1013.6,NA,NA,18.3,27.8,No,Yes
2017-01-06,Tuggeranong,14.9,29.7,5.2,NA,NA,ENE,33,SSW,ESE,2,11,72,29,1017.2,1013.9,NA,NA,19.7,28.9,Yes,No
2017-01-07,Tuggeranong,13.2,31.2,0,NA,NA,ENE,30,S,WNW,4,9,68,32,1017.1,1011,NA,NA,19.2,29.6,No,No
2017-01-08,Tuggeranong,15.5,30.6,0,NA,NA,WNW,31,NA,W,0,13,72,32,1011.3,1009,NA,NA,21.5,30,No,No
2017-01-09,Tuggeranong,19.4,33.5,0,NA,NA,W,37,NA,W,0,20,64,34,1011,1008,NA,NA,24.1,31.3,No,No
2017-01-10,Tuggeranong,18.3,32.4,0.4,NA,NA,NW,39,WNW,W,7,20,63,41,1010.8,1008.4,NA,NA,24.5,29.9,No,No
2017-01-11,Tuggeranong,17.4,34.9,0,NA,NA,WSW,48,N,W,9,22,57,31,1007.9,1004.8,NA,NA,26.3,34.2,No,No
2017-01-12,Tuggeranong,13.9,33.9,0,NA,NA,E,46,WSW,ENE,7,9,67,28,1011.1,1007.4,NA,NA,20.1,31.7,No,No
2017-01-13,Tuggeranong,19.8,37.7,0,NA,NA,W,69,WNW,NW,7,28,67,26,1006.5,998.3,NA,NA,22.8,37.1,No,No
2017-01-14,Tuggeranong,20.5,29.9,0,NA,NA,WNW,46,WNW,WNW,20,22,49,18,1004.1,1004.1,NA,NA,22.9,28.7,No,No
2017-01-15,Tuggeranong,9.8,30.6,0,NA,NA,ENE,43,W,NNW,4,11,53,26,1014.2,1012,NA,NA,18.4,29.4,No,No
2017-01-16,Tuggeranong,15.2,35.5,0,NA,NA,NNW,31,NNW,NW,7,17,70,14,1015.4,1010.9,NA,NA,20.2,33.2,No,No
2017-01-17,Tuggeranong,13.5,37.2,0,NA,NA,W,50,WNW,W,4,20,57,27,1012.9,1008.3,NA,NA,23.4,35.7,No,No
2017-01-18,Tuggeranong,15.7,36.6,0,NA,NA,WNW,61,WSW,WSW,9,24,47,19,1006.1,1005.7,NA,NA,25.9,34.3,No,No
2017-01-19,Tuggeranong,15,23,0,NA,NA,NNE,28,NE,ENE,7,11,72,60,1013.7,1010.1,NA,NA,15.3,20.6,No,No
2017-01-20,Tuggeranong,15.2,29.6,0.6,NA,NA,W,52,NE,NW,2,20,88,82,997.9,990.9,NA,NA,17.1,24.7,No,Yes
2017-01-21,Tuggeranong,9.2,31.1,2.4,NA,NA,E,39,ESE,WSW,6,11,52,29,1009.5,1008.4,NA,NA,16.9,29.1,Yes,No
2017-01-22,Tuggeranong,15.5,31.9,0,NA,NA,ENE,35,WSW,NNE,6,11,66,31,1015.9,1011.2,NA,NA,17.3,30.4,No,No
2017-01-23,Tuggeranong,15,34.2,0,NA,NA,NNW,44,N,SW,2,19,63,38,1012,1007.1,NA,NA,22.4,32.9,No,Yes
2017-01-01,MountGinini,12.3,17.9,0,NA,NA,W,43,W,WNW,15,17,59,65,NA,NA,NA,NA,14.4,15.6,No,No
2017-01-02,MountGinini,9.1,20.1,0,NA,NA,ESE,30,W,ESE,7,4,71,52,NA,NA,NA,NA,13.7,18.6,No,No
2017-01-03,MountGinini,4.9,18.1,0,NA,NA,ENE,33,ESE,ENE,6,13,94,59,NA,NA,NA,NA,10.5,17.4,No,No
2017-01-04,MountGinini,7.1,16.1,0,NA,NA,ENE,31,ENE,NE,15,15,97,72,NA,NA,NA,NA,9.1,14.9,No,No
2017-01-05,MountGinini,5.7,19.6,0,NA,NA,SSE,35,E,E,7,9,68,52,NA,NA,NA,NA,14.4,18.3,No,Yes
2017-01-06,MountGinini,9.6,20,1.2,NA,NA,ENE,35,E,E,11,7,62,61,NA,NA,NA,NA,15.1,19.8,Yes,No
2017-01-07,MountGinini,8.5,22.5,0,NA,NA,ENE,30,WNW,W,2,4,58,60,NA,NA,NA,NA,16.9,20.8,No,No
2017-01-08,MountGinini,12.2,19.9,0,NA,NA,W,43,W,W,19,13,72,62,NA,NA,NA,NA,15.5,19.1,No,No
2017-01-09,MountGinini,15.4,24.4,0,NA,NA,SSW,59,WNW,WNW,15,19,66,74,NA,NA,NA,NA,18.8,18.9,No,No
2017-01-10,MountGinini,12.4,22.2,0,NA,NA,WSW,39,SW,W,11,13,100,85,NA,NA,NA,NA,16.2,18.3,No,No
2017-01-11,MountGinini,14.8,23.9,0,NA,NA,W,50,W,WNW,20,19,97,65,NA,NA,NA,NA,17.6,23,No,No
2017-01-12,MountGinini,12,25,0,NA,NA,WSW,28,WSW,NW,7,7,31,40,NA,NA,NA,NA,17.7,23.7,No,No
2017-01-13,MountGinini,10.5,25.9,0,NA,NA,WSW,76,NW,NW,26,30,48,51,NA,NA,NA,NA,17.3,24.2,No,Yes
2017-01-14,MountGinini,9.6,17.7,8.2,NA,NA,WSW,91,W,W,20,31,99,47,NA,NA,NA,NA,11.4,16.6,Yes,No
2017-01-15,MountGinini,7.1,21.2,0,NA,NA,SSE,28,NE,WNW,9,6,35,44,NA,NA,NA,NA,13.2,19.8,No,No
2017-01-16,MountGinini,9.6,24.9,0,NA,NA,WNW,31,WNW,WSW,19,11,90,30,NA,NA,NA,NA,13.9,23.3,No,No
2017-01-17,MountGinini,13.9,27.3,0,NA,NA,W,57,W,WNW,19,15,41,41,NA,NA,NA,NA,20.1,26.6,No,No
2017-01-18,MountGinini,18.9,25.4,0,NA,NA,WSW,74,W,W,19,31,28,41,NA,NA,NA,NA,21.4,21.6,No,No
2017-01-19,MountGinini,7.6,17.8,0,NA,NA,ENE,28,ENE,NNW,9,4,97,71,NA,NA,NA,NA,8.3,16.6,No,Yes
2017-01-20,MountGinini,8.3,16.5,4,NA,NA,W,85,NW,W,37,31,98,98,NA,NA,NA,NA,13.4,16.5,Yes,Yes
2017-01-21,MountGinini,7.6,21.6,8.2,NA,NA,SSW,41,W,NW,9,4,95,54,NA,NA,NA,NA,11.8,21.5,Yes,No
2017-01-22,MountGinini,6.5,22.6,0,NA,NA,WSW,28,WNW,WNW,11,6,69,50,NA,NA,NA,NA,13.3,21.9,No,No
2017-01-23,MountGinini,13.1,24.4,0,NA,NA,NW,46,NW,WNW,20,15,70,65,NA,NA,NA,NA,16.9,22.1,No,Yes
2017-01-01,Ballarat,13.8,19,0,NA,NA,SW,41,SW,SW,13,19,98,76,1006.8,1008,7,8,14.6,17.7,No,Yes
2017-01-02,Ballarat,10.4,19.8,1.6,NA,NA,S,44,SSW,S,17,30,99,59,1016.4,1017.3,8,2,11.1,18.3,Yes,No
2017-01-03,Ballarat,10.2,23.5,0,NA,NA,SSE,50,SE,SE,31,26,86,37,1020.3,1017.8,8,NA,12.4,22.7,No,No
2017-01-04,Ballarat,11.4,31.4,0,NA,NA,SE,46,N,N,24,19,57,26,1017.6,1015.3,NA,NA,20.8,29.7,No,No
2017-01-05,Ballarat,17.1,31.8,0,NA,NA,ESE,44,NNE,N,24,22,70,34,1016.8,1014.5,8,NA,19.3,29.2,No,No
2017-01-06,Ballarat,16.4,34.2,0,NA,NA,SE,52,N,ENE,30,9,43,27,1015.6,1013.6,1,4,26,31.4,No,No
2017-01-07,Ballarat,17.2,34.6,0,NA,NA,N,46,NNE,NNE,31,30,40,21,1013.4,1009.6,NA,1,26,33.4,No,No
2017-01-08,Ballarat,23.1,32.7,0,NA,NA,N,44,N,SW,28,20,31,26,1006.4,1007.3,8,8,27.6,30.6,No,No
2017-01-09,Ballarat,13.7,26.3,0,NA,NA,S,33,S,W,19,20,85,40,1011.6,1010.9,8,7,16.2,23.5,No,No
2017-01-10,Ballarat,10,30.7,0,NA,NA,W,44,N,NNW,20,20,83,31,1011.8,1008.8,NA,1,18.6,28.4,No,No
2017-01-11,Ballarat,10.5,24.6,0,NA,NA,SSW,44,SW,SW,19,24,90,37,1011.2,1010.4,8,NA,14.5,23.3,No,No
2017-01-12,Ballarat,9.3,30.8,0,NA,NA,SE,30,ESE,W,17,4,61,14,1012.1,1009,NA,NA,15.5,28.3,No,No
2017-01-13,Ballarat,15.3,25.6,1,NA,NA,N,56,N,NW,30,20,55,NA,999.5,998.8,8,7,20.9,20.5,No,Yes
2017-01-14,Ballarat,10.4,20.9,11,NA,NA,W,54,WSW,WSW,30,30,68,58,1008.2,1011.4,7,8,13.8,19.2,Yes,No
2017-01-15,Ballarat,10.1,23.5,0,NA,NA,S,35,SSW,SSW,11,11,77,40,1018.2,1017,8,NA,11.9,21.4,No,No
2017-01-16,Ballarat,6.6,31.8,0,NA,NA,WNW,41,N,NW,4,24,61,19,1014.8,1012.2,NA,NA,18.6,30.5,No,No
2017-01-17,Ballarat,15.6,37.3,0,NA,NA,NW,56,N,WNW,30,31,23,10,1010,1006.9,7,6,26.1,37,No,No
2017-01-18,Ballarat,11.6,22.3,0,NA,NA,S,48,S,S,33,26,69,36,1013,1013.8,8,NA,14.1,20,No,No
2017-01-19,Ballarat,8.9,28.8,0,NA,NA,SE,48,SE,E,37,9,68,21,1011.9,1007.7,NA,NA,12.9,25.1,No,Yes
2017-01-20,Ballarat,12.6,16.3,22.2,NA,NA,W,65,WSW,SSW,31,28,100,77,996.7,1002.8,8,8,15.1,14.8,Yes,No
2017-01-21,Ballarat,8.8,23.2,0,NA,NA,SSE,41,S,SSE,22,22,80,44,1014.2,1014.2,4,NA,13.1,21.3,No,No
2017-01-22,Ballarat,9.1,31,0,NA,NA,NNE,31,ESE,NNW,19,9,43,24,1014.6,1011.9,NA,NA,20,30.1,No,No
2017-01-23,Ballarat,19.7,35.1,0,NA,NA,SW,48,N,NNW,17,24,41,19,1007.2,1003.9,8,6,24.9,34.1,No,Yes
2017-01-01,Bendigo,14.3,26.3,0,NA,NA,SSW,46,SW,WSW,2,24,71,44,1006.1,1006,NA,6,19.1,25,No,No
2017-01-02,Bendigo,14.4,26,0,NA,NA,SSE,48,S,SSE,17,19,59,35,1014.8,1014.5,2,NA,16.8,25.3,No,No
2017-01-03,Bendigo,11.9,28.9,0,NA,NA,SSE,39,SE,ESE,20,20,59,27,1019.1,1015.7,NA,NA,17.2,27.6,No,No
2017-01-04,Bendigo,14.1,33.9,0,NA,NA,NNE,35,ENE,NE,13,9,55,29,1017.6,1014.6,NA,NA,21.9,30.9,No,No
2017-01-05,Bendigo,18.8,34.2,0,NA,NA,SE,31,ENE,SW,15,2,47,29,1016.6,1013.4,1,NA,23.9,31.5,No,No
2017-01-06,Bendigo,19.5,36.5,0,NA,NA,SE,31,ENE,ESE,13,11,46,20,1015.4,1012.5,NA,4,26.2,34.5,No,No
2017-01-07,Bendigo,20.7,37.2,0,NA,NA,ENE,37,NE,ENE,13,17,44,20,1013.8,1008.9,NA,2,26.5,35.2,No,No
2017-01-08,Bendigo,26.2,38.3,0,NA,NA,WSW,48,ENE,W,11,22,36,24,1006.8,1004.9,1,1,27.8,37.1,No,No
2017-01-09,Bendigo,17.1,21.7,0,NA,NA,SSE,24,SE,SW,9,13,65,87,1010.7,1011.4,7,8,20.3,16.7,No,Yes
2017-01-10,Bendigo,16.5,31.5,10.6,NA,NA,N,43,ESE,NW,7,11,76,51,1011.8,1008.8,2,5,20.4,28.7,Yes,No
2017-01-11,Bendigo,14.2,29.7,0.2,NA,NA,SW,37,SSE,WSW,20,22,60,32,1010.7,1009.1,NA,NA,18.1,26.9,No,No
2017-01-12,Bendigo,12.3,32.9,0,NA,NA,SSE,33,SW,SE,2,6,56,20,1012,1008.3,NA,NA,17.9,29.9,No,No
2017-01-13,Bendigo,17.9,29.2,0,NA,NA,W,56,NE,NW,13,11,36,92,999.2,999.7,8,8,24.4,21.7,No,Yes
2017-01-14,Bendigo,10.5,24.8,7.6,NA,NA,W,44,WNW,SSW,13,17,63,41,1009.1,1011,NA,2,15.8,22.7,Yes,No
2017-01-15,Bendigo,10.8,28.8,0,NA,NA,S,35,S,SSW,13,11,60,27,1017.9,1015.3,NA,NA,15.9,25.6,No,No
2017-01-16,Bendigo,11.3,35,0,NA,NA,NW,33,NNE,NW,7,11,60,17,1015.1,1011.6,NA,NA,18.8,31.2,No,No
2017-01-17,Bendigo,16.4,41.1,0,NA,NA,S,52,N,NNW,9,24,32,8,1010.4,1005.8,NA,NA,25,39.8,No,No
2017-01-18,Bendigo,18.6,27.1,0,NA,NA,SSE,44,SSE,S,24,13,64,29,1011,1011.7,8,1,18.9,25.8,No,No
2017-01-19,Bendigo,10,30.9,0,NA,NA,SE,35,SE,NW,17,11,49,13,1011.8,1007,NA,NA,16,28.5,No,Yes
2017-01-20,Bendigo,15,21.6,22.6,NA,NA,W,67,WNW,SSW,9,26,96,58,996.4,1001,8,8,17,19.6,Yes,No
2017-01-21,Bendigo,10,26.7,0,NA,NA,SE,35,SSE,S,24,20,60,34,1013.6,1012.7,NA,NA,15.4,25,No,No
2017-01-22,Bendigo,12.7,32.7,0,NA,NA,SSE,33,SE,NNE,19,17,52,23,1014.3,1011.3,NA,NA,19.7,30.7,No,No
2017-01-23,Bendigo,19.6,38.4,0,NA,NA,SW,54,SE,N,11,20,44,15,1006.9,1003.2,5,6,25.5,35.2,No,Yes
2017-01-01,Sale,15.9,21.9,0,NA,NA,W,41,SSW,ESE,7,17,95,76,1007,1006,7,8,16.3,21.5,No,No
2017-01-02,Sale,14.6,22.8,1,NA,NA,WSW,44,W,WSW,24,28,81,58,1014.9,1016.2,8,7,15.9,21.6,No,No
2017-01-03,Sale,13,22.9,0,NA,NA,E,35,W,E,9,22,70,54,1022.1,1020,8,NA,15.7,22,No,No
2017-01-04,Sale,14.5,25.9,0,NA,NA,E,44,ENE,E,20,30,76,57,1020.3,1018.4,7,NA,19.6,24.7,No,No
2017-01-05,Sale,16.1,29.7,0,NA,NA,SSE,43,W,SSE,9,24,86,51,1017.1,1014.8,8,1,20.2,27.8,No,No
2017-01-06,Sale,18.5,27.4,0,NA,NA,ESE,43,SSW,ESE,9,24,79,60,1017.7,1016.4,8,NA,20.7,26.4,No,No
2017-01-07,Sale,18.1,32.4,0,NA,NA,E,37,WSW,ESE,4,28,94,48,1014.6,1010.6,8,NA,18.8,30.8,No,No
2017-01-08,Sale,18.8,38.2,0,NA,NA,NW,59,SW,SSE,4,33,70,45,1005.5,1004.2,6,NA,23.6,30.5,No,No
2017-01-09,Sale,14.9,23.1,0,NA,NA,SE,26,SW,SE,9,19,73,66,1012.9,1011.3,8,4,18.6,20.6,No,No
2017-01-10,Sale,13.1,26,0,NA,NA,ESE,37,WNW,ESE,9,19,82,57,1012.9,1009.5,8,NA,17.6,24.3,No,No
2017-01-11,Sale,17.5,26.2,0,NA,NA,WSW,54,WSW,SW,31,35,56,46,1009.8,1008.4,8,NA,20.2,24.5,No,No
2017-01-12,Sale,11.6,26,0,NA,NA,E,35,W,ESE,13,15,66,42,1013.6,1010.9,NA,NA,17.6,25,No,No
2017-01-13,Sale,14.1,24.4,0,NA,NA,WSW,56,SW,WSW,11,9,83,74,1000.6,997.3,7,8,17.1,23,No,Yes
2017-01-14,Sale,15.7,23,2,NA,NA,WNW,74,W,W,41,44,53,48,1005.7,1007.9,7,8,17.8,21.8,Yes,No
2017-01-15,Sale,12.3,25.4,0,NA,NA,WNW,39,W,SW,20,13,59,40,1018.1,1016.5,8,NA,16.4,23.5,No,No
2017-01-16,Sale,9.7,27.1,0,NA,NA,ESE,37,N,ESE,6,24,73,47,1016.7,1012.7,NA,NA,16.5,25.5,No,No
2017-01-17,Sale,13.4,38.3,0,NA,NA,W,54,W,WSW,9,31,51,16,1008.9,1005.6,NA,NA,25.9,36.3,No,No
2017-01-18,Sale,17,24.3,0,NA,NA,WNW,57,SW,W,28,28,68,37,1011.6,1013.6,8,3,17.2,23.1,No,No
2017-01-19,Sale,7.4,23.4,0,NA,NA,ESE,46,SSE,E,6,31,70,52,1015.4,1011,NA,1,15.1,22.4,No,Yes
2017-01-20,Sale,15.1,21.7,7.2,NA,NA,WSW,89,NNE,W,15,54,93,60,991.7,997,8,5,17.3,19.7,Yes,Yes
2017-01-21,Sale,13.5,24.5,1.4,NA,NA,W,35,W,NE,24,7,66,43,1014.1,1014.5,1,7,16.6,22.4,Yes,No
2017-01-22,Sale,10,25,0,NA,NA,E,39,ENE,E,11,28,65,46,1017.3,1014.6,NA,NA,18.6,23.7,No,No
2017-01-23,Sale,13.8,35.6,0,NA,NA,WSW,54,NNW,E,6,19,75,32,1008,1003,8,3,18.7,33.7,No,No
2017-01-01,MelbourneAirport,15.6,21.8,0.4,8.4,2.6,SW,37,ENE,SSW,13,24,77,72,1005.5,1007.5,6,8,19.3,19.9,No,Yes
2017-01-02,MelbourneAirport,12.9,19.3,2,3,1.2,S,46,SW,S,20,31,93,64,1016.9,1018.4,8,7,13.4,17.8,Yes,No
2017-01-03,MelbourneAirport,13.3,21.2,0.6,4,9,SSE,39,S,SSE,17,20,65,55,1022.1,1019.4,7,1,15.5,19.9,No,No
2017-01-04,MelbourneAirport,14.7,30.2,0,6,12.7,NNE,39,NW,S,9,22,68,42,1018.7,1015.3,1,3,19.3,28.8,No,No
2017-01-05,MelbourneAirport,17.3,33.8,0,9,10.5,SSE,41,N,NW,24,17,47,26,1016.8,1013.2,6,2,24.7,32.7,No,No
2017-01-06,MelbourneAirport,16.2,34.4,0,8.8,12.2,SE,31,N,ESE,7,17,80,32,1016.2,1013.1,1,1,20.9,33.2,No,No
2017-01-07,MelbourneAirport,18.5,36.8,0,10.6,10.1,N,57,N,NNE,43,26,39,25,1012.7,1008.9,1,7,27.8,36.1,No,No
2017-01-08,MelbourneAirport,26,34.7,0,16.4,10.7,N,63,N,SSE,28,28,36,58,1005.6,1007.1,7,6,28.1,24.6,No,No
2017-01-09,MelbourneAirport,17.3,24,0,10.6,3.2,SE,28,S,S,13,7,72,57,1012.4,1011.1,8,8,18.7,23.3,No,No
2017-01-10,MelbourneAirport,16.5,29.6,0,3.8,10.6,S,39,N,S,13,24,84,45,1012.7,1008.1,7,1,17.1,28.3,No,No
2017-01-11,MelbourneAirport,14.4,26.9,0,8.6,11.6,SSW,57,WSW,SW,17,24,63,34,1011.7,1010,7,3,18,25.6,No,No
2017-01-12,MelbourneAirport,11.2,29,0,7,13.5,SSE,30,SSW,SE,11,7,61,35,1013.2,1009.7,1,0,17.6,26.7,No,No
2017-01-13,MelbourneAirport,16.7,29.9,1,9.2,0.7,NW,61,NNE,NNW,20,26,54,71,998.6,998.3,7,8,22.4,24.3,No,Yes
2017-01-14,MelbourneAirport,11.7,24.3,4,4.4,8.7,WSW,56,W,WSW,20,31,57,39,1008.7,1010.8,7,7,16.9,21.8,Yes,No
2017-01-15,MelbourneAirport,11,22.6,0,6.8,10.2,SSE,37,SW,SE,15,19,56,42,1018.7,1017.4,7,1,15.7,22,No,No
2017-01-16,MelbourneAirport,11.9,33.4,0,6.2,12.8,S,41,ENE,NNW,9,17,67,18,1016,1011.3,1,0,16.8,33.2,No,No
2017-01-17,MelbourneAirport,16.7,38.3,0,13.4,8.8,WNW,54,NNW,SSE,13,31,23,16,1009.4,1006.2,6,6,28.9,34.7,No,No
2017-01-18,MelbourneAirport,13.9,21.2,0.4,11.2,10.3,S,52,SSW,S,28,35,58,45,1013.7,1015.2,7,2,16.2,19.7,No,No
2017-01-19,MelbourneAirport,8.9,25.8,0,8.8,11.8,SSE,33,SE,SSW,22,6,58,31,1014,1009,2,1,16.1,24,No,Yes
2017-01-20,MelbourneAirport,15.1,21,16.6,9.4,5,SW,63,NW,SSW,11,33,88,55,995.3,1001.7,8,7,18.4,19.3,Yes,No
2017-01-21,MelbourneAirport,13.3,22.2,0,4.4,10.6,SSE,33,SW,SSE,22,19,65,49,1014.9,1015.2,7,4,15.4,21.7,No,No
2017-01-22,MelbourneAirport,10.9,30.1,0,5.8,13.2,SE,33,SSE,E,9,9,75,42,1016.4,1012.2,1,0,17.2,29,No,No
2017-01-23,MelbourneAirport,16.7,37.4,0,6.6,3.8,N,54,N,WNW,17,22,43,21,1006.5,1003.3,7,7,26.3,33.9,No,No
2017-01-01,Melbourne,16.8,21.1,0,8.4,2.6,SW,31,ENE,SSW,7,11,69,74,1005.6,1007.8,6,8,19.8,20,No,No
2017-01-02,Melbourne,14.8,17.8,0.4,3,1.2,SSW,39,W,S,9,19,83,73,1016.9,1018.9,8,7,15.3,16.3,No,No
2017-01-03,Melbourne,14.6,19.5,0.4,4,9,SSW,35,SE,SSW,9,15,69,61,1022.2,1020,7,1,16.1,18.6,No,No
2017-01-04,Melbourne,13.3,29.3,0,6,12.7,SSW,30,NW,SSW,6,11,72,60,1019,1015.4,1,3,18.7,26.7,No,No
2017-01-05,Melbourne,18.5,31.7,0,9,10.5,N,33,NNW,SW,19,9,51,39,1016.8,1013.5,6,2,24.9,30.8,No,No
2017-01-06,Melbourne,18.3,35.2,0,8.8,12.2,ESE,24,NE,SSW,4,11,76,33,1016.2,1013,1,1,22.1,33.8,No,No
2017-01-07,Melbourne,20.9,36.7,0,10.6,10.1,N,39,N,N,17,13,43,24,1012.7,1008.3,1,7,28.6,35.9,No,No
2017-01-08,Melbourne,28,33.1,0,16.4,10.7,N,39,N,SSW,20,20,32,66,1005,1007.4,7,6,30,22.3,No,No
2017-01-09,Melbourne,18.5,24.4,0,10.6,3.2,SSW,22,S,SSW,6,9,60,62,1012.3,1011.4,8,8,21.5,21.6,No,No
2017-01-10,Melbourne,17.7,26.2,0,3.8,10.6,S,39,N,SW,6,13,73,54,1012.6,1008.4,7,1,19.5,25.7,No,No
2017-01-11,Melbourne,16.6,24.3,0,8.6,11.6,SSW,31,SW,S,11,11,62,48,1011.8,1010.7,7,3,18.7,23.4,No,No
2017-01-12,Melbourne,14.9,26.5,0,7,13.5,SSW,26,SSW,SSW,7,9,67,52,1013.5,1009.9,1,0,17.9,24.2,No,Yes
2017-01-13,Melbourne,17.5,28.8,1.4,9.2,0.7,WNW,43,NA,NNW,0,17,88,65,998.4,997.9,7,8,20,25,Yes,Yes
2017-01-14,Melbourne,15.2,23.5,2.6,4.4,8.7,W,44,W,SW,9,13,57,48,1008.3,1010.8,7,7,18.4,22.2,Yes,No
2017-01-15,Melbourne,15.2,21.5,0,6.8,10.2,SSW,30,SSW,S,9,9,57,47,1018.8,1018.2,7,1,16.5,20.7,No,No
2017-01-16,Melbourne,12.2,32.7,0,6.2,12.8,SSW,19,N,SSW,9,7,70,35,1016.3,1011.4,1,0,16.5,30.6,No,No
2017-01-17,Melbourne,16.4,37.8,0,13.4,8.8,NNW,37,S,S,11,7,54,19,1009.5,1006.2,6,6,25.4,34.5,No,No
2017-01-18,Melbourne,15.6,20.8,0,11.2,10.3,SSW,41,SSW,S,17,20,56,50,1013.7,1015.6,7,2,17.9,19.4,No,No
2017-01-19,Melbourne,11,23.4,0,8.8,11.8,S,26,SE,S,13,11,55,50,1014.3,1009.5,2,1,16.3,21,No,Yes
2017-01-20,Melbourne,16.1,20.8,22.6,9.4,5,S,52,NW,SW,11,19,89,55,995.2,1002,8,7,18.7,20.5,Yes,No
2017-01-21,Melbourne,15.3,22.6,0.6,4.4,10.6,S,30,WSW,SSW,7,13,72,53,1014.9,1015.6,7,4,16.2,20.1,No,No
2017-01-22,Melbourne,12.7,29.6,0,5.8,13.2,SSW,24,SSE,S,2,11,67,53,1016.6,1012.5,1,0,17.8,25.9,No,No
2017-01-23,Melbourne,17.8,36.7,0,6.6,3.8,N,52,NNE,N,9,26,55,26,1006.2,1002.9,7,7,25,32.6,No,No
2017-01-01,Mildura,17,29.3,0,7.2,11.2,SSW,46,SSW,SW,17,20,63,37,1009.5,1008.6,6,4,19.5,26.6,No,No
2017-01-02,Mildura,14.2,31.1,0,12,13.2,SSE,43,SSE,SSE,24,20,57,25,1016.9,1014.7,0,0,17.4,28.8,No,No
2017-01-03,Mildura,12.8,32.7,0,10.4,11.5,SE,37,SE,ESE,24,13,58,25,1017.8,1014.3,0,1,17,30.2,No,No
2017-01-04,Mildura,16.9,39.3,0,9,NA,NE,50,ESE,SSE,17,11,43,20,1014.1,1011.4,6,2,24.3,36.6,No,No
2017-01-05,Mildura,23.9,33.9,0,NA,5.2,SSE,41,NE,SE,15,24,36,41,1012.6,1013,8,7,28.2,28.4,No,No
2017-01-06,Mildura,17,40.3,0,4,11.7,ESE,46,E,E,15,17,39,14,1012.6,1009.8,0,0,27.8,38.8,No,No
2017-01-07,Mildura,25.4,41.4,0,12,11.5,NNE,39,NE,NNE,17,22,27,14,1010.6,1005.8,2,0,32.5,39,No,No
2017-01-08,Mildura,28.4,34.7,0,11.6,0.6,WSW,28,SSW,WSW,11,15,40,30,1007.4,1007.8,7,7,29.6,34.2,No,No
2017-01-09,Mildura,22.1,26.2,0,6.5,1.4,SSW,28,SSW,SSW,15,20,59,51,1011.6,1011.1,8,8,22.2,25.7,No,No
2017-01-10,Mildura,18.9,36.6,0.2,0,NA,SSW,33,SSE,NNW,15,13,70,33,1011.4,1008.2,3,3,23.5,34.5,No,No
2017-01-11,Mildura,14.9,33.4,0,NA,12.6,SW,35,S,SW,19,17,58,25,1013.2,1010.6,NA,2,18.8,30.1,No,No
2017-01-12,Mildura,16.1,37.1,0,10.4,13.4,S,26,ESE,N,17,9,48,21,1012,1007.5,0,NA,21.4,33.2,No,No
2017-01-13,Mildura,21.4,34.1,0,8,NA,WSW,52,N,W,31,19,15,71,997.4,1001.5,8,7,33.6,27.7,No,Yes
2017-01-14,Mildura,13,28,8.4,NA,NA,SSW,43,SW,SW,15,20,68,33,1013,1013.2,NA,NA,17.6,25.4,Yes,No
2017-01-15,Mildura,12.9,31.2,0,NA,NA,S,30,SE,SSE,20,11,61,27,1018.8,1016.1,NA,0,17.6,27.6,No,No
2017-01-16,Mildura,13.1,38,0,NA,NA,NNE,20,ESE,W,9,9,40,11,1014.6,1011,NA,0,24,35.6,No,No
2017-01-17,Mildura,18.8,43.4,0,NA,NA,NW,39,NNE,WSW,17,13,20,5,1009.6,1006.3,1,0,29.9,41.6,No,No
2017-01-18,Mildura,20.3,33.5,0,12,12.4,SE,43,S,SSE,11,17,41,28,1012.5,1011.1,1,2,24.4,31.5,No,No
2017-01-19,Mildura,17.1,36.3,0,11.2,12.2,N,48,ESE,ENE,15,11,35,19,1011.6,1006.2,2,1,20.5,33.9,No,Yes
2017-01-20,Mildura,20.5,26.4,16.4,14,10.3,N,50,WSW,SW,26,24,91,50,998.8,1004.3,8,4,22.5,23.5,Yes,No
2017-01-21,Mildura,12.7,29.9,0.2,7.4,11.8,SE,31,SE,SE,19,13,60,25,1015,1012.9,0,0,16.3,27.7,No,No
2017-01-22,Mildura,15.7,35.3,0,6.8,NA,E,28,E,SSW,13,6,44,16,1013.7,1010.2,0,NA,22.5,33,No,No
2017-01-23,Mildura,20.5,41.2,0,NA,12.4,SW,50,ENE,NNW,7,17,31,10,1006,1003.4,NA,NA,29.9,39.3,No,Yes
2017-01-01,Nhil,14.7,24.8,0,NA,NA,SW,48,WSW,SW,17,24,75,48,1008.5,1008.7,NA,NA,16.7,23.5,No,No
2017-01-02,Nhil,13.3,26.3,0,NA,NA,S,46,S,S,28,26,71,36,1018.1,1017,NA,NA,14.8,24.7,No,No
2017-01-03,Nhil,9.4,30.6,0,NA,NA,SSE,39,SSE,SSE,22,20,58,20,1019.7,1016.1,NA,NA,16.1,27.7,No,No
2017-01-04,Nhil,12.5,35,0,NA,NA,SSE,33,ESE,NE,22,9,51,22,1016.5,1013.3,NA,NA,20.3,33.7,No,No
2017-01-05,Nhil,18.6,37.8,0,NA,NA,NNE,41,ENE,NE,19,7,40,22,1013.8,1010.8,NA,NA,26.7,35.4,No,No
2017-01-06,Nhil,20,38.8,0,NA,NA,NE,35,ENE,NNW,20,13,44,16,1013.5,1011,NA,NA,26.4,37.2,No,No
2017-01-07,Nhil,21.7,40.5,0,NA,NA,NW,41,NE,NNW,20,17,26,16,1010.8,1005.2,NA,NA,29.2,38.4,No,No
2017-01-08,Nhil,21.8,33.2,0,NA,NA,W,41,SW,WSW,20,24,48,24,1007.5,1007.5,NA,NA,22.4,32.7,No,No
2017-01-09,Nhil,15.3,28.2,0,NA,NA,S,35,S,WNW,6,7,70,63,1012.4,1011.4,NA,NA,17.2,21.1,No,No
2017-01-10,Nhil,12.8,32.5,0.4,NA,NA,W,43,S,WNW,4,24,75,32,1011.7,1008.8,NA,NA,20.4,30.7,No,No
2017-01-11,Nhil,12.1,28.4,0,NA,NA,SW,43,SSW,SW,22,26,66,42,1012.8,1011.5,NA,NA,17.9,25,No,No
2017-01-12,Nhil,9.6,34.3,0,NA,NA,ENE,24,E,NW,15,6,65,15,1012.3,1007.9,NA,NA,17,31.5,No,No
2017-01-13,Nhil,17,28.4,0,NA,NA,WSW,63,NNW,WSW,19,30,37,90,998.6,1000.8,NA,NA,26.9,20.2,No,Yes
2017-01-14,Nhil,12.6,23.3,4.6,NA,NA,WSW,61,SW,SW,31,31,57,45,1011.1,1013.7,NA,NA,17.2,21,Yes,No
2017-01-15,Nhil,8.3,28.4,0.2,NA,NA,SSW,33,S,SSW,11,22,65,31,1019.4,1016.9,NA,NA,15.2,24.9,No,No
2017-01-16,Nhil,11.3,36,0,NA,NA,NW,39,ENE,WNW,13,19,55,14,1015,1011.2,NA,NA,19.7,33.2,No,No
2017-01-17,Nhil,16.3,41.7,0,NA,NA,NW,56,N,W,9,31,23,7,1008.8,1004.8,NA,NA,28.3,40.4,No,No
2017-01-18,Nhil,15.9,27.8,0,NA,NA,S,46,S,S,30,22,64,31,1014.3,1013.7,NA,NA,16.3,24.5,No,No
2017-01-19,Nhil,9.1,29.2,0,NA,NA,E,37,E,NW,24,11,48,19,1012,1006.8,NA,NA,16.3,28.3,No,Yes
2017-01-20,Nhil,15,23.7,17.4,NA,NA,SW,74,SW,SSW,31,31,88,49,999.5,1004.4,NA,NA,16.4,22.2,Yes,No
2017-01-21,Nhil,9.1,28.3,0,NA,NA,SSE,37,SSE,SSE,11,11,69,30,1015.5,1013.6,NA,NA,14.9,25.5,No,No
2017-01-22,Nhil,14.2,34,0,NA,NA,E,31,ENE,NNW,20,9,58,18,1014.2,1010.8,NA,NA,19.8,31.3,No,No
2017-01-23,Nhil,19.7,38.1,0,NA,NA,SW,57,N,NW,13,31,31,16,1005.8,1002.4,NA,NA,27,36.1,No,No
2017-01-01,Portland,13.3,18.3,1.8,NA,NA,WSW,37,WSW,WSW,19,24,93,72,1008.2,1010.5,8,7,14.2,16.4,Yes,No
2017-01-02,Portland,12.6,17.9,0.6,NA,NA,SSW,31,S,S,11,15,87,72,1019.7,1021.2,8,8,14,15.6,No,No
2017-01-03,Portland,13.1,18.1,0.2,NA,NA,SE,41,SE,SE,17,24,65,64,1023,1021.5,8,8,15,17.3,No,No
2017-01-04,Portland,14.4,21.7,0,NA,NA,SE,33,ESE,SE,17,19,75,67,1019.4,1017.4,6,NA,17.3,20.9,No,No
2017-01-05,Portland,15.8,20.8,0,NA,NA,E,39,SE,SE,15,20,94,81,1016.8,1015.2,8,7,16.4,19.3,No,No
2017-01-06,Portland,16.2,30.8,0,NA,NA,E,33,ENE,E,15,13,88,56,1014.1,1012.5,2,1,20.4,30.3,No,No
2017-01-07,Portland,19.2,36.2,0,NA,NA,N,56,N,N,15,19,52,20,1009.8,1005.7,NA,NA,27.3,35.4,No,No
2017-01-08,Portland,16.4,20.8,0,NA,NA,W,41,W,W,20,28,80,67,1007.8,1009.9,8,8,18.2,19.8,No,No
2017-01-09,Portland,12.4,21.1,0,NA,NA,WSW,37,SSW,SSW,6,17,69,64,1013.1,1012.4,8,7,16.7,19.1,No,No
2017-01-10,Portland,10.9,20.4,0,NA,NA,W,44,W,W,11,28,73,61,1012.9,1011.4,7,NA,16.6,19.4,No,No
2017-01-11,Portland,14.8,20.2,0.6,NA,NA,WSW,41,WSW,W,13,24,89,65,1012.1,1013,7,8,15.6,19.3,No,No
2017-01-12,Portland,8.7,26.1,0,NA,NA,ESE,28,ESE,ESE,7,13,67,46,1013,1008.9,2,NA,16.8,25.3,No,Yes
2017-01-13,Portland,15.8,20.4,3.6,NA,NA,WNW,69,NNW,W,20,35,87,65,996.5,1000,7,8,19.4,19.3,Yes,Yes
2017-01-14,Portland,13.6,18.7,11.2,NA,NA,WSW,69,W,W,39,37,72,66,1008.9,1013.4,8,8,15.6,17.1,Yes,No
2017-01-15,Portland,13.4,19.3,0.2,NA,NA,WSW,30,WSW,WSW,11,19,63,56,1019.6,1019.6,8,6,15.2,18,No,No
2017-01-16,Portland,6.5,27.4,0,NA,NA,WNW,33,NE,WSW,11,11,87,47,1015.3,1011.6,NA,NA,15.1,26.5,No,No
2017-01-17,Portland,15,26,0.2,NA,NA,SW,35,WNW,WSW,13,13,43,61,1008.7,1007.6,8,8,22.7,23,No,No
2017-01-18,Portland,12.9,19.1,0.6,NA,NA,SW,41,S,S,19,17,65,51,1016,1017.8,8,1,15.4,17.4,No,No
2017-01-19,Portland,10.9,20.7,0,NA,NA,E,41,E,ESE,17,20,67,53,1014.5,1009,1,NA,15.4,19.7,No,Yes
2017-01-20,Portland,13.2,17.5,18.4,NA,NA,SSW,50,SSW,SSW,19,22,85,65,1001.1,1007,8,8,13.8,17.4,Yes,No
2017-01-21,Portland,7.9,20.3,0,NA,NA,W,26,WNW,WSW,13,15,82,65,1015.5,1016.1,NA,3,15.5,19.8,No,No
2017-01-22,Portland,10.5,27.1,0,NA,NA,SE,28,NNE,SSE,15,11,82,36,1014.7,1012.7,NA,NA,16.6,25.6,No,No
2017-01-23,Portland,16.5,29.6,0.2,NA,NA,WNW,57,WNW,W,4,24,61,67,1005,1004.7,3,8,23.3,20.3,No,Yes
2017-01-01,Watsonia,16.1,22,0,8.4,2.6,WSW,37,SSE,WSW,11,15,77,73,1005.4,1007.2,6,8,19,20.8,No,Yes
2017-01-02,Watsonia,13.8,17.3,1.6,3,1.2,W,37,W,WSW,7,19,100,74,1016.7,1018.6,8,7,14.5,16.8,Yes,No
2017-01-03,Watsonia,NA,23.3,0.4,4,9,NA,NA,SSW,SW,9,17,70,52,1022,1019,7,1,15.8,22.5,No,No
2017-01-04,Watsonia,13.4,33.7,0,6,12.7,SW,26,ENE,N,4,9,75,34,1018.9,1014.9,1,3,19.1,30.6,No,No
2017-01-05,Watsonia,18.5,33.5,0,9,10.5,SSW,35,SE,W,6,7,71,32,1017,1013.5,6,2,23.1,32.9,No,No
2017-01-06,Watsonia,17.4,35.3,0,8.8,12.2,SE,24,NE,WSW,6,7,80,30,1016.1,1013,1,1,21.7,34.1,No,No
2017-01-07,Watsonia,19,36.9,0,10.6,10.1,NNE,33,ENE,NNW,9,11,47,24,1012.9,1008.6,1,7,28.4,35.9,No,No
2017-01-08,Watsonia,28.1,34.5,0,16.4,10.7,NNE,50,N,SW,19,19,31,44,1005.7,1006.6,7,6,29.6,27.8,No,No
2017-01-09,Watsonia,17.2,24.4,0,10.6,3.2,WSW,20,S,SW,4,9,68,57,1012.3,1011,8,8,19.7,23.5,No,No
2017-01-10,Watsonia,16.5,31.9,0,3.8,10.6,SW,37,NW,SW,6,20,77,41,1012.6,1007.6,7,1,18.8,30.2,No,No
2017-01-11,Watsonia,15.8,26.1,0,8.6,11.6,SW,48,W,SSW,9,15,62,42,1011.5,1010.1,7,3,19.1,24.7,No,No
2017-01-12,Watsonia,12.9,30.6,0,7,13.5,NA,NA,SSW,SSE,4,9,65,31,1013.3,1009.5,1,0,17.9,27.4,No,Yes
2017-01-13,Watsonia,17.4,28.6,1.6,9.2,0.7,NA,NA,S,N,11,15,80,59,998.4,998.2,7,8,19.8,24.5,Yes,Yes
2017-01-14,Watsonia,13.8,24.1,9.4,4.4,8.7,W,54,W,WSW,19,31,60,44,1008.3,1010.6,7,7,16.9,21.7,Yes,No
2017-01-15,Watsonia,14.6,23.3,0,6.8,10.2,SW,30,SW,SSE,11,9,63,47,1018.7,1017.7,7,1,16.2,22,No,No
2017-01-16,Watsonia,9.9,34.7,0,6.2,12.8,NNE,28,NE,ESE,7,7,81,31,1016.2,1011.3,1,0,15.6,31.2,No,No
2017-01-17,Watsonia,15.6,38.2,0,13.4,8.8,NW,39,NNW,S,17,11,27,18,1009.2,1006.2,6,6,29.1,35.5,No,No
2017-01-18,Watsonia,14.6,21.8,0.2,11.2,10.3,SW,44,WSW,SW,20,22,65,43,1013.3,1015,7,2,16.9,20.7,No,No
2017-01-19,Watsonia,10,25.7,0,8.8,11.8,WSW,24,SSW,WSW,13,13,62,39,1013.8,1008.8,2,1,15.7,24.9,No,Yes
2017-01-20,Watsonia,15.7,21.5,19.4,9.4,5,W,57,NW,W,15,30,100,54,995,1001.4,8,7,18.3,20.8,Yes,Yes
2017-01-21,Watsonia,14.3,23.5,1.2,4.4,10.6,SW,30,WSW,S,6,11,69,52,1014.7,1015,7,4,15.6,21.9,Yes,No
2017-01-22,Watsonia,10.3,31.4,0,5.8,13.2,SSW,26,ESE,WSW,6,9,79,36,1016.6,1012,1,0,16.8,29.9,No,No
2017-01-23,Watsonia,16.6,36.8,0,6.6,3.8,SW,65,SSE,W,7,15,66,25,1006.4,1002.9,7,7,22.4,33.7,No,No
2017-01-01,Dartmoor,13.7,20.3,0.4,NA,NA,SW,39,WSW,WSW,11,20,95,69,1008.5,1010.5,NA,NA,14.5,18.4,No,No
2017-01-02,Dartmoor,12.7,20.7,0.8,NA,NA,S,37,S,S,13,19,91,57,1019.6,1020.4,NA,NA,14.6,18.8,No,No
2017-01-03,Dartmoor,13,22.3,0,NA,NA,ESE,44,SE,SE,22,28,63,51,1022.5,1020.3,NA,NA,15.8,21.4,No,No
2017-01-04,Dartmoor,13.4,30.2,0,NA,NA,ESE,35,SE,ESE,20,7,71,36,1018.7,1016,NA,NA,17.1,28.3,No,No
2017-01-05,Dartmoor,15,31.3,0,NA,NA,SE,39,SE,SE,11,15,87,49,1016.2,1013.2,NA,NA,18.4,29.8,No,No
2017-01-06,Dartmoor,16.4,39.4,0,NA,NA,SSE,37,E,NNW,7,9,64,20,1013.8,1011.3,NA,NA,22.5,38.2,No,No
2017-01-07,Dartmoor,19.4,39.3,0,NA,NA,N,44,NNE,NNE,17,22,31,13,1009.4,1005.2,NA,NA,30.9,38.3,No,No
2017-01-08,Dartmoor,17.3,26,0,NA,NA,SSW,31,W,SW,11,15,69,47,1008.1,1009.4,NA,NA,19.6,25.9,No,No
2017-01-09,Dartmoor,13.2,26.8,0,NA,NA,SSW,33,NE,S,4,11,73,43,1013.3,1011.4,NA,NA,16.6,25.8,No,No
2017-01-10,Dartmoor,13.4,25.3,0,NA,NA,SSW,37,NW,SW,4,20,67,47,1013.1,1010.9,NA,NA,17.2,23.6,No,No
2017-01-11,Dartmoor,13,23.9,0,NA,NA,W,46,W,SW,13,17,80,45,1012.6,1012.9,NA,NA,16.4,22.5,No,No
2017-01-12,Dartmoor,8.4,33.4,0,NA,NA,ESE,28,ENE,N,2,13,76,20,1013.1,1008.1,NA,NA,15.8,30.3,No,Yes
2017-01-13,Dartmoor,15.5,23,6,NA,NA,WSW,50,N,W,11,26,95,52,997.5,1000.7,NA,NA,19.5,21.5,Yes,Yes
2017-01-14,Dartmoor,14.4,20.4,10,NA,NA,WSW,50,W,SW,22,24,66,60,1010.1,1014.1,NA,NA,16.6,18.3,Yes,No
2017-01-15,Dartmoor,13.6,22.7,0,NA,NA,SSW,30,WNW,SW,4,17,62,54,1019.7,1019,NA,NA,16.1,20,No,No
2017-01-16,Dartmoor,7.1,34,0,NA,NA,NW,43,E,N,4,20,82,24,1015.4,1010.9,NA,NA,15.6,31.7,No,No
2017-01-17,Dartmoor,14.7,28.2,0,NA,NA,SSW,37,S,SSW,6,13,62,51,1008.3,1006.9,NA,NA,20.2,27.1,No,No
2017-01-18,Dartmoor,12.6,22.7,0,NA,NA,ESE,41,S,S,17,22,62,43,1015.7,1016.5,NA,NA,17.5,21.2,No,No
2017-01-19,Dartmoor,7.1,26.9,0,NA,NA,WSW,39,E,E,19,17,61,26,1014.3,1007.4,NA,NA,15.3,26.2,No,Yes
2017-01-20,Dartmoor,13.5,19.6,26.2,NA,NA,SSW,52,SSW,SSW,11,26,91,58,1001.5,1006.9,NA,NA,14.1,18.7,Yes,No
2017-01-21,Dartmoor,7.7,23.8,0,NA,NA,SW,28,E,S,2,15,95,53,1016.1,1015.5,NA,NA,13,22.1,No,No
2017-01-22,Dartmoor,10.4,31.7,0,NA,NA,ESE,30,ENE,NW,6,15,73,29,1014.5,1011.5,NA,NA,17.8,30.9,No,No
2017-01-23,Dartmoor,17.6,31.7,0,NA,NA,WNW,31,N,SW,2,17,51,65,1005,1004.9,NA,NA,23.6,22.9,No,Yes
2017-01-01,Brisbane,24.8,34.7,0,9.8,12.2,NE,39,N,NE,7,13,55,62,1006.5,1004.3,1,2,31.4,31.6,No,No
2017-01-02,Brisbane,26.1,32.5,0,9.6,9,SE,33,NE,NE,9,15,61,58,1007.8,1004.9,5,6,30.9,30.4,No,Yes
2017-01-03,Brisbane,22.3,26.8,98,9.2,0,SE,37,SSE,SSE,13,13,81,73,1012.5,1012,8,8,24.2,24.7,Yes,No
2017-01-04,Brisbane,22.4,29.6,0.6,2.8,4.1,E,43,ESE,ESE,15,20,57,45,1015.4,1013.7,7,7,26.6,28.1,No,No
2017-01-05,Brisbane,21.5,29.4,0,8.4,3.6,SSE,28,SE,E,7,13,58,61,1014.6,1011.9,6,6,27,27.2,No,No
2017-01-06,Brisbane,21.1,28.6,0.4,5.4,5.4,ENE,30,ESE,E,11,15,63,69,1013.3,1011.8,7,7,26.6,27.2,No,Yes
2017-01-07,Brisbane,21.7,28.5,23.4,6.8,10.5,ESE,39,ESE,ESE,13,15,60,45,1014.8,1011.5,5,3,25.9,28.1,Yes,No
2017-01-08,Brisbane,19.5,29.2,0.2,7.6,11.7,E,33,ESE,E,9,15,57,44,1014.1,1011.8,4,3,26.3,27.6,No,No
2017-01-09,Brisbane,19.3,30,0,8.8,9.2,NE,24,SE,ENE,2,13,61,62,1014.2,1011.5,6,2,26.3,28.1,No,No
2017-01-10,Brisbane,22.5,31.2,0,6.8,9.2,NNE,30,NNE,NNE,6,11,65,58,1014.3,1011.6,3,3,28.8,29.5,No,No
2017-01-11,Brisbane,23.7,32.3,0,8.6,12.5,NNE,26,W,N,4,7,60,54,1013.3,1009.2,3,1,29.1,31.2,No,No
2017-01-12,Brisbane,23.5,35.6,0,8,10.1,NE,24,WSW,ENE,4,11,59,50,1011.2,1007.8,6,4,30.1,34.6,No,No
2017-01-13,Brisbane,25.1,33.3,0.2,8.8,11.2,ENE,26,ENE,NNE,9,9,72,46,1012.3,1008.7,4,1,28.7,32.7,No,No
2017-01-14,Brisbane,25.2,35,0,8.8,12.5,NE,31,N,NE,6,11,63,64,1008.6,1005.1,3,6,31.1,32.5,No,No
2017-01-15,Brisbane,24.6,32,0,9.4,0.9,E,35,E,ESE,4,7,71,80,1008.4,1008.1,7,8,29.1,28.8,No,Yes
2017-01-16,Brisbane,22.6,31.2,83.2,3.6,12.4,NE,26,E,ENE,6,11,69,59,1015.3,1013.6,3,2,27.9,30,Yes,No
2017-01-17,Brisbane,23,31.9,0.2,8,11.6,ENE,26,E,NE,4,9,66,56,1017.1,1014.3,5,2,28.3,30.6,No,No
2017-01-18,Brisbane,22.6,35,0,10.4,13.2,NNE,26,NE,NE,4,11,57,54,1013.5,1008.2,0,1,29.6,33,No,No
2017-01-19,Brisbane,25.8,30.9,0,8.6,5.7,ESE,28,ESE,ESE,4,11,69,55,1011,1008.9,7,4,28.6,30.4,No,No
2017-01-20,Brisbane,24.6,32.3,0,8,10.1,NNE,28,NW,NNE,4,11,65,59,1009.2,1003.2,7,1,28.1,31.6,No,No
2017-01-21,Brisbane,28,33.6,0,8.6,3,SE,44,W,ESE,9,7,61,87,1006.6,1007.9,7,8,31.1,25.1,No,Yes
2017-01-22,Brisbane,23,29.1,2.4,5.8,8.8,SE,31,SE,ESE,17,11,60,53,1016.3,1014.6,6,3,26.3,27.6,Yes,No
2017-01-23,Brisbane,19.8,29.2,0,10.6,8,E,26,ENE,E,6,9,49,47,1017.1,1014.5,7,4,26.1,28.1,No,No
2017-01-01,Cairns,24.1,32.9,0,NA,NA,ENE,33,SE,ENE,11,22,62,64,1004.4,1001.4,NA,NA,30.7,31.9,No,No
2017-01-02,Cairns,25.5,33.4,1,NA,NA,SSE,31,NNW,SW,2,4,79,84,1005.5,1003,8,8,28.3,28.9,No,Yes
2017-01-03,Cairns,24.3,32,15.2,NA,NA,N,31,W,NW,7,6,80,90,1006.1,1003.7,8,8,28.1,27.4,Yes,Yes
2017-01-04,Cairns,24.6,32.5,13.4,NA,NA,NNE,35,SW,NNE,2,15,79,75,1006.5,1003.9,NA,7,28.1,30,Yes,Yes
2017-01-05,Cairns,24.6,30.5,29.6,NA,NA,W,35,ESE,NNE,9,13,83,83,1006.4,1002.8,7,8,28.1,28.5,Yes,Yes
2017-01-06,Cairns,23,31.7,54,NA,NA,NW,39,W,WSW,11,9,77,63,1003.9,1000.7,1,8,27.1,30.4,Yes,Yes
2017-01-07,Cairns,24.3,32.1,23,NA,NA,N,33,SSE,NNE,6,13,75,70,1003.3,1000.1,8,2,29.3,30.6,Yes,Yes
2017-01-08,Cairns,24.5,30.4,44.4,NA,NA,ENE,31,S,E,11,19,85,76,1005.2,1003.2,7,3,26.7,29.8,Yes,No
2017-01-09,Cairns,25.5,31.7,0,NA,NA,SSE,33,SSE,NE,11,19,87,72,1007.7,1004.4,8,NA,26.6,31.2,No,Yes
2017-01-10,Cairns,24.8,29.8,3.2,NA,NA,SSE,33,SSE,SE,22,9,90,89,1008.8,1005.9,8,6,26.3,27.4,Yes,Yes
2017-01-11,Cairns,24.8,32.4,77.8,NA,NA,E,31,SE,E,13,22,86,74,1009.2,1005.8,8,5,29.8,31.2,Yes,Yes
2017-01-12,Cairns,25.3,30.7,32,NA,NA,S,31,N,N,15,17,85,72,1009.2,1006.8,8,3,28.6,29.9,Yes,No
2017-01-13,Cairns,25.4,31.8,0.2,NA,NA,NNE,26,SE,NNE,7,17,76,73,1011.1,1008,1,NA,29.9,31.1,No,No
2017-01-14,Cairns,25.3,31.8,0.6,NA,NA,NE,26,SE,NNE,4,15,78,72,1010.2,1007.6,1,NA,29.5,30.6,No,No
2017-01-15,Cairns,25,32.8,1,NA,NA,S,31,SSE,NNE,9,13,78,72,1009.1,1006.5,1,8,29.4,30.2,No,Yes
2017-01-16,Cairns,23,31.5,6.6,NA,NA,NNE,30,SE,NE,11,15,69,73,1009.6,1008,4,NA,28.5,30.3,Yes,Yes
2017-01-17,Cairns,24.3,32,17.4,NA,NA,ESE,33,SE,NE,9,20,86,67,1013.6,1009.8,4,NA,26.9,31.5,Yes,Yes
2017-01-18,Cairns,24.3,31.6,39.2,NA,NA,SSW,35,SE,E,15,22,80,63,1013.3,1009.5,NA,8,28.6,30.4,Yes,Yes
2017-01-19,Cairns,22.6,32.1,1.6,NA,NA,ENE,31,SE,NNE,13,19,67,62,1011.3,1007.5,NA,NA,28.4,31.3,Yes,No
2017-01-20,Cairns,22.7,32.4,0,NA,NA,NE,28,SE,N,9,17,68,61,1010,1006.2,NA,2,28.7,31.4,No,Yes
2017-01-21,Cairns,23.9,32.5,3.6,NA,NA,NNE,30,N,N,6,13,73,73,1009.3,1006.1,NA,7,30.5,30.3,Yes,No
2017-01-22,Cairns,24.7,32.5,0,NA,NA,NE,31,SE,NE,13,19,71,70,1009.6,1007.8,NA,8,30.3,31.3,No,No
2017-01-23,Cairns,25.6,33.4,0,NA,NA,ENE,35,SSE,ESE,13,26,74,58,1011.1,1009.2,2,NA,29.5,32.9,No,No
2017-01-01,GoldCoast,22.9,30.9,0,NA,NA,NNE,41,NNW,NNE,22,31,76,82,1006.2,1004.2,NA,NA,29.6,28.6,No,No
2017-01-02,GoldCoast,22.9,29.8,0,NA,NA,S,59,NNE,NNE,19,31,86,80,1008.1,1005.2,NA,NA,27.1,28,No,Yes
2017-01-03,GoldCoast,21.7,26.2,33.8,NA,NA,SSE,57,S,SSE,33,43,100,98,1012.5,1012.4,NA,NA,22.5,23.2,Yes,Yes
2017-01-04,GoldCoast,21.1,28.6,14.6,NA,NA,SSE,54,SSE,SSE,39,39,76,76,1015.8,1014.4,NA,NA,25.9,27.3,Yes,No
2017-01-05,GoldCoast,21.9,29.9,0,NA,NA,SSE,43,S,SE,28,20,79,72,1015,1012.4,NA,NA,25.3,28.6,No,No
2017-01-06,GoldCoast,21.8,30.3,0,NA,NA,SE,46,SSE,SE,26,28,76,72,1013.6,1012.3,NA,NA,27.9,28.2,No,Yes
2017-01-07,GoldCoast,21.7,28.9,5,NA,NA,SE,61,SE,SE,39,33,67,59,1014.9,1012.4,NA,NA,25.5,28.4,Yes,No
2017-01-08,GoldCoast,20.9,29.3,0,NA,NA,SE,46,ESE,ESE,26,28,57,62,1014.4,1012.3,NA,NA,27.1,27.3,No,No
2017-01-09,GoldCoast,19.8,29.5,0,NA,NA,ENE,39,SE,ENE,13,28,68,87,1014.1,1012,NA,NA,27.7,25.3,No,No
2017-01-10,GoldCoast,22.6,30.5,0,NA,NA,NNE,43,NNE,NNE,19,37,76,72,1014.3,1011.8,NA,NA,29,29.1,No,No
2017-01-11,GoldCoast,23.3,30.9,0,NA,NA,NNE,41,NW,NNE,19,31,75,82,1012.9,1008.9,NA,NA,27.5,27.3,No,No
2017-01-12,GoldCoast,23.3,29.4,0,NA,NA,SSE,31,SSE,NNE,19,9,82,83,1012.4,1008.8,NA,NA,26.4,27.1,No,No
2017-01-13,GoldCoast,22.3,30.3,0.8,NA,NA,N,33,SSE,NNE,9,24,94,81,1012.3,1008.8,NA,NA,25.6,28.7,No,No
2017-01-14,GoldCoast,24.6,33,0,NA,NA,NNE,39,NNW,N,24,30,71,87,1008,1005,NA,NA,30.3,27,No,Yes
2017-01-15,GoldCoast,21.8,27.7,26.8,NA,NA,S,48,NNW,ENE,2,19,100,88,1009.1,1008.9,NA,NA,24.4,27.6,Yes,Yes
2017-01-16,GoldCoast,21.2,28.4,5.4,NA,NA,SE,20,SE,ESE,17,17,87,83,1015.6,1014.2,NA,NA,25.6,27.7,Yes,No
2017-01-17,GoldCoast,22.6,29.4,0,NA,NA,E,26,ENE,NNE,19,19,99,78,1017.3,1014.4,NA,NA,24.4,28.7,No,No
2017-01-18,GoldCoast,22.9,33.4,0,NA,NA,NNW,41,NW,N,26,31,59,76,1012.9,1007.9,NA,NA,28.7,27.8,No,No
2017-01-19,GoldCoast,23.8,29,0,NA,NA,S,54,SSE,SSE,35,37,72,74,1011.1,1009.8,NA,NA,27.5,26.9,No,No
2017-01-20,GoldCoast,22.8,30.1,0.6,NA,NA,NNE,46,NA,NNE,0,33,100,78,1009.2,1003.2,NA,NA,24.3,29.4,No,Yes
2017-01-21,GoldCoast,24.2,29.2,7.8,NA,NA,SSE,54,W,SSE,9,39,84,97,1006.8,1008.9,NA,NA,28.5,24.5,Yes,NA
2017-01-22,GoldCoast,21.5,28.5,NA,NA,NA,NA,NA,S,SE,22,31,76,60,1016.5,1015,NA,NA,24.6,27.6,NA,No
2017-01-23,GoldCoast,22.5,29.5,0,NA,NA,SE,37,SSE,ENE,17,11,64,50,1017.1,1014.9,NA,NA,24.9,27.9,No,No
2017-01-01,Townsville,25.3,33.9,0,8,NA,ENE,37,ENE,ENE,11,30,58,61,1004.6,1001.5,NA,NA,31.2,31.6,No,No
2017-01-02,Townsville,27.3,34.9,0,10,NA,SSW,46,NNW,ENE,9,13,70,60,1005.4,1002,8,3,29.8,31.7,No,No
2017-01-03,Townsville,24.2,34.4,0.4,6.2,NA,NNW,39,WNW,NNE,7,26,56,48,1005.6,1002.4,NA,NA,31.3,32.8,No,No
2017-01-04,Townsville,25.6,33.6,0,8,NA,ENE,39,SE,ENE,11,28,70,68,1006.6,1003.7,8,3,29.7,30.5,No,Yes
2017-01-05,Townsville,24.7,33.3,5.2,8,NA,ENE,33,SSW,ENE,13,26,72,64,1006.2,1002.2,8,8,28.8,31.9,Yes,Yes
2017-01-06,Townsville,24.7,31.3,34.8,7.6,NA,ESE,56,SSE,SE,17,17,91,97,1003.9,1000.9,8,6,26.6,26,Yes,Yes
2017-01-07,Townsville,24.7,31.4,36.2,4.6,NA,ESE,39,S,ESE,13,26,78,78,1002.9,1000.7,8,8,27.7,27.8,Yes,No
2017-01-08,Townsville,25.1,32.5,0,8,NA,SE,56,ESE,ESE,11,26,64,58,1005.3,1003.9,6,6,29.2,31.6,No,No
2017-01-09,Townsville,25.7,32.7,0.6,6.6,NA,ESE,52,SSE,ESE,17,33,66,62,1008.1,1005.1,8,NA,29.1,32.2,No,No
2017-01-10,Townsville,26,33.1,0,7.6,NA,ENE,50,ESE,E,28,35,63,61,1009.1,1006.7,1,NA,30.4,32,No,No
2017-01-11,Townsville,25.6,32.7,0.8,9.8,NA,E,50,ESE,E,28,35,68,65,1010,1007.1,8,1,30.1,31.5,No,Yes
2017-01-12,Townsville,26,31.5,18.8,9,NA,NNE,37,E,N,17,22,84,69,1009.3,1006.9,8,NA,28.9,30.8,Yes,No
2017-01-13,Townsville,26.8,32.3,0.4,6.8,NA,NNE,31,NNW,NE,22,19,80,71,1011.1,1008.4,8,8,28.1,31.1,No,Yes
2017-01-14,Townsville,27.1,32.5,1.4,6.2,NA,NNW,30,NNW,SSW,7,13,76,92,1009.9,1008.8,NA,6,29.9,27.1,Yes,Yes
2017-01-15,Townsville,24.8,28.9,6.2,3.2,NA,WSW,33,NE,WNW,13,7,89,91,1009.9,1007.6,8,8,26.4,25.7,Yes,Yes
2017-01-16,Townsville,24.2,30.5,32.4,4,NA,NNW,39,SE,ENE,11,28,89,75,1010.3,1008.7,8,6,26.9,29.4,Yes,Yes
2017-01-17,Townsville,25.4,31,4.4,6.2,NA,ENE,37,NE,ENE,11,28,78,73,1013.6,1010.9,8,1,28.4,30,Yes,No
2017-01-18,Townsville,25.5,31.3,0,8,NA,NE,33,ENE,ENE,13,24,64,64,1013.6,1010.1,4,4,29.8,30.4,No,No
2017-01-19,Townsville,25.3,32.8,0,8,NA,ENE,30,SSW,NE,9,22,66,50,1011.3,1007,1,NA,29.9,31.9,No,No
2017-01-20,Townsville,24.8,32.6,0,10.8,NA,NE,31,NA,ENE,0,24,55,47,1009.8,1005.7,NA,NA,30,31.5,No,No
2017-01-21,Townsville,24.2,33,0,9,NA,NE,33,NE,ENE,7,20,67,64,1009.4,1006.2,NA,NA,29.8,31.9,No,No
2017-01-22,Townsville,25.5,32.4,0,7.4,NA,ENE,39,ENE,ENE,13,26,56,63,1010,1008.7,NA,NA,30.2,31.7,No,No
2017-01-23,Townsville,26.3,32.9,0.2,11.8,NA,ESE,39,E,ENE,22,24,60,59,1011.7,1009.8,1,NA,30.6,31.5,No,Yes
2017-01-01,Adelaide,16.3,23.7,0,NA,NA,WSW,39,SW,SW,17,17,72,57,1011.9,1012.8,NA,NA,18.3,22.6,No,No
2017-01-02,Adelaide,15.7,24.6,0.2,NA,NA,SSE,33,SE,ESE,15,17,59,42,1019.7,1018.4,NA,NA,18.2,23.6,No,No
2017-01-03,Adelaide,13.6,27.8,0,NA,NA,SE,26,WSW,ENE,9,7,56,28,1019.9,1016.3,NA,NA,18.5,27.3,No,No
2017-01-04,Adelaide,18.5,33.3,0,NA,NA,SE,39,WSW,ESE,6,15,43,27,1015,1012.8,NA,NA,25.7,32.8,No,No
2017-01-05,Adelaide,23.5,35.8,0,NA,NA,ESE,50,NE,E,6,9,35,33,1012.2,1009.5,NA,NA,29.7,34.9,No,No
2017-01-06,Adelaide,24,39.5,0,NA,NA,NNE,30,NE,ENE,9,9,34,18,1011.1,1008.2,NA,NA,31.4,38.3,No,No
2017-01-07,Adelaide,31.4,40.7,0,NA,NA,SW,44,NE,WNW,11,19,26,17,1006.7,1003.2,NA,NA,34.5,39.2,No,No
2017-01-08,Adelaide,20.9,28,0,NA,NA,SW,28,SW,SW,7,13,57,49,1009.8,1010.4,NA,NA,22.6,25.6,No,No
2017-01-09,Adelaide,20.2,30.4,0,NA,NA,SW,24,ESE,WNW,6,9,70,38,1012.7,1011.3,NA,NA,20.9,28.9,No,No
2017-01-10,Adelaide,19.5,29.3,0,NA,NA,WSW,35,NW,SW,4,15,60,50,1012.6,1011.5,NA,NA,23.6,26.7,No,No
2017-01-11,Adelaide,15.8,28,0,NA,NA,WSW,33,S,WSW,9,19,59,50,1015.3,1013.4,NA,NA,20.3,25.5,No,No
2017-01-12,Adelaide,15.7,37.2,0,NA,NA,WNW,39,NNE,NE,2,13,45,22,1011.2,1005.8,NA,NA,22,34.2,No,Yes
2017-01-13,Adelaide,21.7,23.4,11.8,NA,NA,W,44,NNE,SW,6,19,95,65,1002.5,1005.5,NA,NA,21.9,22.4,Yes,Yes
2017-01-14,Adelaide,17,23.3,7.8,NA,NA,WSW,37,SW,WSW,15,19,55,46,1015.2,1017,NA,NA,18,22.5,Yes,No
2017-01-15,Adelaide,13.8,26.1,0,NA,NA,WSW,28,SSE,SW,7,13,62,48,1020.7,1017.3,NA,NA,17.8,24.9,No,No
2017-01-16,Adelaide,15.1,36.1,0,NA,NA,W,26,ESE,W,2,11,46,17,1014,1010.8,NA,NA,23.8,34.2,No,No
2017-01-17,Adelaide,18.7,41.1,0,NA,NA,SSE,41,NE,NW,2,17,30,7,1008.6,1006.3,NA,NA,29.1,39.9,No,No
2017-01-18,Adelaide,18.4,27.2,0,NA,NA,ESE,30,S,ENE,6,9,63,34,1016.1,1013.8,NA,NA,19,25.8,No,No
2017-01-19,Adelaide,18.8,38.2,0,NA,NA,NW,74,ENE,NNE,6,11,39,24,1009.1,1002.8,NA,NA,23.9,36.5,No,Yes
2017-01-20,Adelaide,18.2,24.3,21,NA,NA,SSW,44,S,S,17,13,74,48,1005.2,1008.4,NA,NA,18.4,23.3,Yes,No
2017-01-21,Adelaide,13.2,26.5,0,NA,NA,WSW,28,W,SW,4,15,61,42,1016,1013.8,NA,NA,18.3,25.5,No,No
2017-01-22,Adelaide,17.3,34.2,0,NA,NA,N,30,NNE,W,9,13,32,24,1013.3,1009.3,NA,NA,25.7,32.7,No,No
2017-01-23,Adelaide,24.5,33,0,NA,NA,WSW,37,NE,W,7,6,25,79,1004.9,1006.2,NA,NA,30.8,25.6,No,Yes
2017-01-01,MountGambier,13.7,20.2,1.2,NA,NA,SW,41,WSW,SW,17,28,100,81,1008.8,1011,8,8,15.3,18,Yes,No
2017-01-02,MountGambier,12,20.8,1,NA,NA,S,39,SSW,SSE,24,30,100,69,1019.8,1020.3,8,8,16.2,18.4,No,No
2017-01-03,MountGambier,12.7,23.3,0,NA,NA,S,48,SE,S,28,30,68,60,1022.3,1019.3,1,NA,17.1,22.5,No,No
2017-01-04,MountGambier,10.2,28.2,0,NA,NA,S,39,SE,S,19,22,80,58,1018.6,1015.7,1,NA,18.4,26.4,No,No
2017-01-05,MountGambier,14.4,30,0,NA,NA,S,39,SSE,SSW,19,28,NA,72,1016.1,1012.7,8,NA,17.4,28.7,No,No
2017-01-06,MountGambier,16.3,38.2,0,NA,NA,NW,35,NE,N,19,13,69,36,1013.2,1010.6,NA,NA,25.7,37.3,No,No
2017-01-07,MountGambier,22.8,39,0,NA,NA,NNE,48,NNE,N,24,24,40,24,1009.1,1004,NA,1,31.3,37.7,No,No
2017-01-08,MountGambier,16.5,23.9,0,NA,NA,W,39,W,WNW,17,26,80,65,1008.4,1009.8,8,1,19.4,22.3,No,No
2017-01-09,MountGambier,11.9,26.1,0,NA,NA,SW,35,E,SSW,9,22,80,56,1013.2,1011.5,8,NA,17.3,24.9,No,No
2017-01-10,MountGambier,11.6,24.6,0,NA,NA,W,39,SW,WSW,11,24,73,57,1012.9,1011,3,NA,17.6,22.8,No,No
2017-01-11,MountGambier,13.1,23.2,0,NA,NA,W,56,WSW,WSW,22,28,84,59,1012.8,1013,8,3,17.4,21,No,No
2017-01-12,MountGambier,7.5,32.7,0,NA,NA,N,33,ENE,N,11,11,78,32,1012.8,1007.4,NA,NA,17.6,29.2,No,Yes
2017-01-13,MountGambier,17.2,21.6,12,NA,NA,WNW,61,NNW,W,20,41,NA,76,997.1,1001.4,8,4,20.3,20.8,Yes,Yes
2017-01-14,MountGambier,14.5,20.4,7.4,NA,NA,W,61,WSW,WSW,37,28,92,82,1010.9,1014.7,8,8,15.8,18.8,Yes,No
2017-01-15,MountGambier,12.4,22,0,NA,NA,SW,33,W,SW,13,17,81,62,1020.1,1018.5,8,4,15.8,20.7,No,No
2017-01-16,MountGambier,8.9,32.8,0,NA,NA,W,50,NE,NNW,9,20,91,43,1014.8,1010.5,NA,NA,16.8,31.2,No,No
2017-01-17,MountGambier,15,29,0,NA,NA,SSW,37,WNW,SSW,13,22,72,NA,1008.8,1006.6,8,8,21.5,26.5,No,No
2017-01-18,MountGambier,13.4,22,0,NA,NA,SSE,46,SSE,S,24,26,NA,NA,1016.1,1016.5,NA,2,18.5,19.9,No,No
2017-01-19,MountGambier,7.3,NA,0,NA,NA,NA,NA,ESE,ENE,26,13,NA,25,1013.4,1007.2,1,8,15.3,24.6,No,Yes
2017-01-20,MountGambier,13.2,20.7,29.4,NA,NA,SSW,54,SSW,SSW,28,33,88,55,1002.8,1007.3,8,5,14.1,18.1,Yes,No
2017-01-21,MountGambier,8.6,23.9,0,NA,NA,S,39,WNW,S,11,19,73,54,1015.9,1015.2,NA,NA,16.8,22.5,No,No
2017-01-22,MountGambier,11.1,31.2,0,NA,NA,NW,39,NE,SSE,13,15,62,38,1013.9,1010.9,NA,NA,19.9,30.3,No,No
2017-01-23,MountGambier,18.3,29.8,0,NA,NA,W,48,N,WSW,9,13,47,72,1004.5,1004.7,5,8,26.1,21.8,No,Yes
2017-01-01,Nuriootpa,12.5,23.2,0,6.6,10.6,SW,43,SW,WSW,24,20,80,50,1010.7,1011.1,7,NA,17.3,21.5,No,No
2017-01-02,Nuriootpa,13.5,24.3,0,7,11.8,S,41,SSE,S,22,20,64,40,1018.2,1017.1,5,NA,16.5,23,No,No
2017-01-03,Nuriootpa,10.8,27,0,8,12.8,SSE,39,ESE,SE,20,17,66,23,1018.7,1015.6,1,NA,15.1,25.3,No,No
2017-01-04,Nuriootpa,15.1,32.7,0,10.4,12.6,SE,46,ESE,E,13,15,42,22,1014.8,1012.5,5,NA,22.6,31.3,No,No
2017-01-05,Nuriootpa,20.4,34.8,0,11.4,11,SE,48,ESE,ESE,13,15,52,31,1012.4,1009.9,6,NA,24.1,32.2,No,No
2017-01-06,Nuriootpa,20,37.7,0,10.4,13.6,NE,39,ENE,NE,20,13,40,19,1011.6,1008.8,1,NA,28,36.7,No,No
2017-01-07,Nuriootpa,25.5,40,0,14,9.4,SW,50,NE,NW,15,17,26,12,1007.7,1003.9,4,NA,32.1,38.2,No,No
2017-01-08,Nuriootpa,19.8,27.5,0,12.4,1.9,WSW,26,NW,WSW,6,13,60,46,1009.2,1009.3,7,NA,22,27.1,No,Yes
2017-01-09,Nuriootpa,16.5,27,1.3,5.3,2.9,ENE,26,E,N,11,2,93,86,1012.3,1011.4,8,NA,16.6,21.2,Yes,Yes
2017-01-10,Nuriootpa,16.1,30.1,2.4,3.1,11.4,WSW,35,ENE,WSW,13,22,70,47,1011.8,1009.9,7,NA,21,29.1,Yes,No
2017-01-11,Nuriootpa,9.8,28.3,0,8,13.4,SE,37,NNW,SW,4,19,72,32,1014.2,1012,2,NA,17.3,27.2,No,No
2017-01-12,Nuriootpa,13.3,34.8,0,8,11.6,ESE,37,E,N,20,17,61,21,1011.5,1006.5,3,NA,17.4,32.3,No,Yes
2017-01-13,Nuriootpa,17.3,22.1,1.8,9.8,4.7,W,54,W,WSW,19,26,95,89,1002.1,1004.4,8,NA,20.8,18.3,Yes,Yes
2017-01-14,Nuriootpa,14.4,23.5,5.6,4.4,12.9,WSW,46,SW,W,28,22,59,47,1013.8,1015.2,3,NA,16.7,22.1,Yes,No
2017-01-15,Nuriootpa,11.4,28.8,0,8,12.5,SE,31,E,ESE,15,11,64,28,1019.2,1016.1,2,NA,16,26.9,No,No
2017-01-16,Nuriootpa,15.2,35.5,0,8,13.5,WSW,33,NE,W,13,17,44,11,1013.9,1010.4,0,NA,22.7,34.2,No,No
2017-01-17,Nuriootpa,13.2,39.9,0,11.6,13.5,SE,57,ENE,W,7,24,28,5,1009.2,1006.3,1,NA,29.1,39.1,No,No
2017-01-18,Nuriootpa,16.1,26.4,0,16,10.5,SE,54,SE,SE,22,20,77,33,1015.2,1013.3,7,NA,17,25.3,No,No
2017-01-19,Nuriootpa,16.5,34.9,0,9.6,7.9,W,65,ENE,NE,17,19,37,28,1009.8,1003.9,6,NA,21.3,30.5,No,Yes
2017-01-20,Nuriootpa,16.8,23.4,19.2,10.4,9,WSW,46,WSW,SSW,20,19,91,49,1003.5,1006.8,8,NA,17.3,21.8,Yes,No
2017-01-21,Nuriootpa,11.6,26.8,0,6.4,13.7,SE,37,E,E,17,13,65,31,1015.2,1013,1,NA,15.3,24.6,No,No
2017-01-22,Nuriootpa,13.5,33.2,0,8.6,11,ENE,48,NE,NE,17,13,42,16,1012.9,1009.4,2,NA,22.3,31.8,No,No
2017-01-23,Nuriootpa,21.6,33.9,0,10.4,3.6,W,46,NE,SW,9,13,30,47,1005.2,1004.9,6,NA,28.9,29.4,No,Yes
2017-01-01,Woomera,18.5,30.1,0,NA,NA,SSW,57,S,SSW,35,33,67,32,1010.8,1010,NA,NA,19.9,28.7,No,No
2017-01-02,Woomera,16.5,30.9,0,NA,NA,SSE,54,SE,SE,31,31,56,26,1016.3,1013.4,NA,NA,19.3,28.9,No,No
2017-01-03,Woomera,17.4,32.4,0,NA,NA,SSE,44,SE,SE,28,19,50,20,1015.8,1011.8,NA,NA,22.1,30.1,No,No
2017-01-04,Woomera,19.9,37.6,0,NA,NA,SE,35,SSE,SSW,26,20,37,16,1011.6,1008.8,NA,NA,25.9,35.3,No,No
2017-01-05,Woomera,23.8,41.2,0,NA,NA,E,59,SE,ENE,24,15,43,21,1009.6,1005.8,1,1,27.6,38.9,No,No
2017-01-06,Woomera,23.8,40.7,0.2,NA,NA,ENE,39,ENE,NE,22,17,42,19,1007.9,1005.1,NA,NA,30.4,39.2,No,No
2017-01-07,Woomera,27,42.3,0,NA,NA,S,69,NNE,N,33,24,30,16,1005.9,1002.5,NA,4,33.7,41.3,No,No
2017-01-08,Woomera,26.2,32.7,0,NA,NA,S,50,ESE,S,24,22,62,52,1007.4,1006.9,6,8,27,30.3,No,No
2017-01-09,Woomera,23.8,33.1,0,NA,NA,S,50,S,S,20,33,71,49,1010,1008.8,7,1,24.1,30.2,No,No
2017-01-10,Woomera,21.7,34.5,0,NA,NA,SE,37,SSE,SSW,19,22,71,36,1010.5,1008.8,6,2,24,33.5,No,No
2017-01-11,Woomera,19.4,33.8,0,NA,NA,SE,46,SSE,SSE,20,22,65,25,1012.1,1010,8,5,21,31.4,No,No
2017-01-12,Woomera,21,38,0,NA,NA,NNE,39,ESE,N,22,28,42,22,1007.9,1004.8,2,3,26.8,35.1,No,Yes
2017-01-13,Woomera,23.6,26.4,1.6,NA,NA,W,57,SSW,SSW,26,24,93,99,1001.7,1005.1,7,8,24,23.4,Yes,Yes
2017-01-14,Woomera,14.2,28.3,29.4,NA,NA,S,48,S,SSE,30,26,69,44,1014.6,1014.3,NA,NA,17.2,25.8,Yes,No
2017-01-15,Woomera,15.7,31.5,0,NA,NA,SSE,46,SE,SSE,28,13,62,29,1016.7,1014,NA,NA,19.9,29.8,No,No
2017-01-16,Woomera,18.5,38,0,NA,NA,SE,31,ENE,NNE,15,7,38,10,1012.2,1008.8,NA,NA,25.8,36,No,No
2017-01-17,Woomera,22.7,43.5,0,NA,NA,N,41,ENE,N,9,20,21,7,1008.5,1005.5,NA,NA,31.2,41.8,No,No
2017-01-18,Woomera,24.1,39.9,0,NA,NA,SE,67,SSE,SE,24,13,50,30,1009.3,1007.1,NA,2,26.5,36.7,No,No
2017-01-19,Woomera,26.4,41.9,0,NA,NA,SW,74,NNE,N,31,31,60,31,1006.7,1000.7,7,NA,29.8,40.2,No,Yes
2017-01-20,Woomera,22.1,27.6,11,NA,NA,S,52,SSW,S,35,26,82,58,1003.8,1006.8,5,2,22.8,25.4,Yes,No
2017-01-21,Woomera,16.6,31.8,0.2,NA,NA,SSE,39,SE,N,26,9,60,35,1012.3,1010.5,2,NA,20.5,29.2,No,No
2017-01-22,Woomera,20.3,36.5,0,NA,NA,NE,33,ENE,NNE,20,15,38,29,1010.8,1007.9,NA,1,27.1,34.5,No,No
2017-01-23,Woomera,26.8,38,0,NA,NA,WNW,91,N,WNW,26,19,33,32,1005,1003.6,5,3,30.9,37.1,No,Yes
2017-01-01,Albany,NA,21.8,0,NA,NA,NA,NA,NA,NA,NA,NA,NA,NA,1021,1018.8,NA,NA,NA,NA,No,No
2017-01-02,Albany,12,24,0,NA,NA,NA,NA,SSW,NA,17,NA,65,NA,1018.6,1016.1,1,NA,21.6,NA,No,No
2017-01-03,Albany,16.5,NA,0,NA,NA,NA,NA,E,NA,13,NA,56,NA,1013.7,1011.2,6,NA,24,NA,No,No
2017-01-04,Albany,NA,25.8,0,NA,NA,NA,NA,NA,NA,NA,NA,NA,NA,1012.7,1008.5,NA,NA,NA,NA,No,No
2017-01-05,Albany,18,23.8,0,NA,NA,NA,NA,SW,NA,19,NA,81,NA,1004.2,1000.7,1,NA,21.8,NA,No,No
2017-01-06,Albany,12.5,20.8,0,NA,NA,NA,NA,NW,NA,19,NA,78,NA,1004.8,1004.3,6,NA,17,NA,No,Yes
2017-01-07,Albany,15,19.1,1.6,NA,NA,NA,NA,W,NA,13,NA,90,NA,1011.9,1011.4,8,NA,16,NA,Yes,No
2017-01-08,Albany,11.4,20.9,0,NA,NA,NA,NA,NA,NA,0,NA,76,NA,1014.6,1012.7,7,NA,17.2,NA,No,No
2017-01-09,Albany,12.9,22.2,0,NA,NA,NA,NA,NNE,NA,4,NA,70,NA,1015.7,1013.2,1,NA,18.9,NA,No,No
2017-01-10,Albany,15.2,23.8,0,NA,NA,NA,NA,SSW,NA,4,NA,72,NA,1015.6,1013.8,1,NA,19.4,NA,No,No
2017-01-11,Albany,17.5,23.1,0,NA,NA,NA,NA,NW,NA,11,NA,80,NA,1009,1002.5,5,NA,20.2,NA,No,No
2017-01-12,Albany,15,20.4,0.6,NA,NA,NA,NA,SW,NA,46,NA,63,NA,1004.2,1006.1,6,NA,19,NA,No,No
2017-01-13,Albany,15.5,20.8,0,NA,NA,NA,NA,WSW,NA,19,NA,62,NA,1015.7,1015.8,8,NA,16.8,NA,No,No
2017-01-14,Albany,15.5,23.8,0,NA,NA,NA,NA,SSW,NA,13,NA,62,NA,1017.3,1012.7,1,NA,20.8,NA,No,No
2017-01-15,Albany,17,22.7,0,NA,NA,NA,NA,SW,NA,13,NA,83,NA,1009.3,1007.5,1,NA,20,NA,No,No
2017-01-16,Albany,15.7,19.9,0,NA,NA,NA,NA,SW,NA,15,NA,68,NA,1011.2,1012.6,5,NA,18.9,NA,No,No
2017-01-17,Albany,15.5,NA,0,NA,NA,NA,NA,SE,NA,9,NA,50,NA,1018.4,1017.6,6,NA,17.2,NA,No,NA
2017-01-18,Albany,NA,24.2,NA,NA,NA,NA,NA,NA,NA,NA,NA,NA,NA,1015.4,1009,NA,NA,NA,NA,NA,No
2017-01-19,Albany,13.5,19.2,0.4,NA,NA,NA,NA,SSW,NA,35,NA,73,NA,1011,1011.5,7,NA,18,NA,No,No
2017-01-20,Albany,15.2,21.5,0,NA,NA,NA,NA,SSW,NA,4,NA,57,NA,1013.5,1011.7,1,NA,19.2,NA,No,No
2017-01-21,Albany,13.1,23,0,NA,NA,NA,NA,S,NA,2,NA,72,NA,1010.6,1008.5,1,NA,20,NA,No,No
2017-01-22,Albany,15.4,20.2,0.2,NA,NA,NA,NA,W,NA,31,NA,72,NA,1009.7,1010.1,7,NA,19,NA,No,No
2017-01-23,Albany,13.5,19,0.8,NA,NA,NA,NA,WSW,NA,22,NA,63,NA,1016,1017.1,5,NA,17.3,NA,No,No
2017-01-01,Witchcliffe,8.8,25.9,0,NA,NA,SSE,41,E,SE,13,24,59,45,1019.4,1016.2,NA,NA,18.3,23.9,No,No
2017-01-02,Witchcliffe,12.4,32.2,0,NA,NA,SSE,30,ESE,SE,13,19,49,38,1015.5,1013.3,NA,NA,23.6,30.1,No,No
2017-01-03,Witchcliffe,13.5,34.2,0,NA,NA,SE,46,ENE,SSE,6,22,47,38,1012.5,1011,NA,NA,25.4,29.9,No,No
2017-01-04,Witchcliffe,17.7,32.8,0,NA,NA,SE,39,SE,SE,19,20,57,46,1010.1,1006.4,NA,NA,24.5,30.2,No,No
2017-01-05,Witchcliffe,16.7,23.7,0,NA,NA,WSW,56,SW,WNW,13,20,65,59,1006.9,1005.3,NA,NA,20.3,23.1,No,Yes
2017-01-06,Witchcliffe,13,20.9,2.8,NA,NA,WSW,52,SW,SW,19,24,74,65,1009.8,1009.9,NA,NA,16.7,18,Yes,No
2017-01-07,Witchcliffe,15.1,22.4,0,NA,NA,WSW,35,SSW,SW,13,20,61,51,1013.4,1012.3,NA,NA,17.8,20.7,No,No
2017-01-08,Witchcliffe,8.5,24.6,0,NA,NA,SSE,35,SE,SSE,15,20,62,46,1014.8,1012.9,NA,NA,18,23.3,No,No
2017-01-09,Witchcliffe,11.1,27.8,0,NA,NA,SSE,43,ESE,SSE,15,24,61,52,1014.9,1012.4,NA,NA,20.2,24.7,No,No
2017-01-10,Witchcliffe,14.4,25.9,0,NA,NA,SSE,43,SE,SSE,22,24,64,52,1014.6,1012.6,NA,NA,21,24.2,No,No
2017-01-11,Witchcliffe,13.3,30.8,0,NA,NA,SW,35,ESE,WSW,11,17,54,33,1007.9,1003.8,NA,NA,22.7,29.4,No,Yes
2017-01-12,Witchcliffe,14.8,21.1,1.6,NA,NA,SSW,50,SW,SSW,24,26,62,52,1008,1010.1,NA,NA,18.3,17.9,Yes,No
2017-01-13,Witchcliffe,14.6,23.3,0,NA,NA,S,33,S,SSW,7,20,51,42,1016.5,1015.2,NA,NA,17.3,21.9,No,No
2017-01-14,Witchcliffe,11,29.6,0,NA,NA,SE,28,E,SSW,7,13,54,40,1015.6,1012.7,NA,NA,20.1,28.1,No,No
2017-01-15,Witchcliffe,16.6,26.9,0,NA,NA,SSE,39,SSE,S,20,20,66,42,1010.7,1009,NA,NA,20.7,24.8,No,No
2017-01-16,Witchcliffe,11.4,23.5,0,NA,NA,SSE,43,S,SSE,20,26,58,44,1012.4,1012.8,NA,NA,19,20.5,No,No
2017-01-17,Witchcliffe,9.5,23.1,0,NA,NA,SSE,50,ESE,SE,15,24,48,41,1017.8,1015.9,NA,NA,18.4,22.2,No,No
2017-01-18,Witchcliffe,9.6,26.7,0,NA,NA,W,35,N,WSW,7,20,44,46,1012.8,1009.2,NA,NA,21.3,22.9,No,No
2017-01-19,Witchcliffe,14.7,22.5,0,NA,NA,SSW,44,S,S,28,28,56,43,1013.4,1012.7,NA,NA,18.5,21.3,No,No
2017-01-20,Witchcliffe,15.4,26.1,0,NA,NA,SW,31,SSW,SE,9,15,54,43,1014.2,1011.2,NA,NA,19.7,24.9,No,No
2017-01-21,Witchcliffe,9.3,26.6,0,NA,NA,SSW,33,SSE,SW,13,20,61,45,1010.8,1008.8,NA,NA,20.7,24.6,No,No
2017-01-22,Witchcliffe,14.1,23.1,0,NA,NA,SSW,41,SSW,SSW,19,22,52,43,1011.9,1011.7,NA,NA,18.6,20.8,No,No
2017-01-23,Witchcliffe,12.5,22,0.2,NA,NA,SW,43,SSW,S,19,24,55,40,1018,1017.7,NA,NA,18.3,20.8,No,No
2017-01-01,PearceRAAF,15.5,33.8,0,NA,13.3,E,59,ENE,E,24,13,43,15,1016.9,1012.2,NA,NA,22.6,32,No,No
2017-01-02,PearceRAAF,16.9,37.6,0,NA,13.2,ENE,50,ENE,E,33,13,31,14,1013.2,1009.8,NA,NA,27.2,36.3,No,No
2017-01-03,PearceRAAF,18.4,41.4,0,NA,13.3,E,41,NE,NNW,13,7,24,11,1010.6,1006.8,NA,NA,31.7,40.1,No,No
2017-01-04,PearceRAAF,15.6,44.5,0,NA,13.3,NNE,43,NNE,W,15,24,15,12,1007.6,1005,1,NA,35.2,39.6,No,No
2017-01-05,PearceRAAF,18.1,27.5,0,NA,8.3,SW,52,W,WSW,17,28,76,51,1007.7,1007.1,8,NA,21.5,25.3,No,No
2017-01-06,PearceRAAF,14.2,24.9,0,NA,9.3,WSW,52,SSW,SW,26,31,49,50,1011.7,1009.2,8,3,20.5,22.1,No,No
2017-01-07,PearceRAAF,9.3,28,0,NA,12.9,SW,44,ESE,SW,11,28,52,42,1011.9,1008.9,NA,NA,20.3,26.4,No,No
2017-01-08,PearceRAAF,12.4,34.7,0,NA,13.1,WSW,46,SE,SSW,17,28,40,31,1011.2,1008.3,NA,NA,25.4,31.7,No,No
2017-01-09,PearceRAAF,16.2,37.9,0,NA,13.1,E,46,E,S,30,13,38,17,1011.1,1007,NA,NA,26.6,37,No,No
2017-01-10,PearceRAAF,17.4,39.9,0,NA,13.1,E,48,ENE,SW,17,24,27,17,1009.9,1007.4,NA,NA,30.4,38.7,No,No
2017-01-11,PearceRAAF,19,41,0,NA,13.1,WSW,43,NNE,WSW,17,24,33,28,1005.7,1003,NA,NA,31.9,33.2,No,No
2017-01-12,PearceRAAF,16.9,25.9,0.4,NA,10.8,WSW,56,SW,SW,30,31,54,37,1007.8,1008.2,4,1,21.1,24.7,No,No
2017-01-13,PearceRAAF,9.2,30.3,0,NA,13.1,S,39,ESE,SSW,15,28,42,28,1015,1011.3,NA,NA,20.3,28,No,No
2017-01-14,PearceRAAF,12.2,38.9,0,NA,13.1,E,46,NE,NNE,13,7,30,12,1013,1008.9,NA,NA,27.2,37.4,No,No
2017-01-15,PearceRAAF,12.5,38.2,0,NA,13.1,SSW,44,SW,SW,11,20,26,21,1008,1005.2,NA,NA,29.6,36.7,No,No
2017-01-16,PearceRAAF,16.2,29.7,0,NA,11.5,SW,44,SSW,SSW,15,28,51,42,1010,1008.4,4,NA,21.8,27.2,No,No
2017-01-17,PearceRAAF,16.1,31.9,0,NA,13.2,NA,NA,ESE,SE,22,22,42,27,1014.1,1010.5,NA,NA,22.5,30.4,No,NA
2017-01-18,PearceRAAF,NA,34.9,NA,NA,9.2,E,61,ENE,WNW,26,15,43,23,1010.6,1006,NA,7,23.9,33.2,NA,No
2017-01-19,PearceRAAF,16.7,26.2,0,NA,11.8,WSW,46,S,SW,24,30,55,40,1011.8,1010.4,7,NA,20.8,25.1,No,No
2017-01-20,PearceRAAF,13,30.6,0,NA,13.1,SSW,41,ENE,SSW,19,26,43,33,1011.9,1008.9,NA,NA,21.8,29,No,No
2017-01-21,PearceRAAF,9.8,36.6,0,NA,13,SW,41,ESE,SW,6,28,38,24,1008.1,1004.5,NA,NA,27.4,34.6,No,No
2017-01-22,PearceRAAF,15,27.9,0,NA,13,SW,50,SSW,SW,28,31,58,40,1009.8,1010.1,NA,NA,22.3,24.9,No,No
2017-01-23,PearceRAAF,9.1,27.9,0,NA,12.7,SSW,44,S,SSW,22,24,49,36,1016.5,1014.5,NA,NA,20.2,26.5,No,No
2017-01-01,PerthAirport,16.1,32.8,0,12.6,13.3,E,57,E,WSW,26,20,41,14,1017.4,1012.6,0,0,22.8,32.1,No,No
2017-01-02,PerthAirport,16.2,37.4,0,11.6,13.2,E,57,NE,ESE,20,20,29,12,1013.8,1010,0,0,28.1,37,No,No
2017-01-03,PerthAirport,18.7,40.2,0,12.2,13.3,E,43,NE,E,24,7,23,8,1010.8,1007.3,0,0,31.5,39.6,No,No
2017-01-04,PerthAirport,19.8,43.3,0,12.6,13.3,ENE,39,ENE,WSW,19,15,17,10,1007.8,1005.3,1,1,34.5,38.1,No,No
2017-01-05,PerthAirport,20.6,25.6,0,11.8,8.3,SW,57,SW,WSW,20,30,71,54,1007.6,1007.5,7,5,22,23.9,No,No
2017-01-06,PerthAirport,16.5,24.1,0,10,9.3,SW,52,SW,SW,26,35,44,43,1011.7,1009.5,7,3,19.6,23,No,No
2017-01-07,PerthAirport,9.5,26.5,0,7.2,12.9,WSW,46,ESE,WSW,7,33,48,43,1012.4,1009.5,1,0,20.2,24.3,No,No
2017-01-08,PerthAirport,15.5,31.6,0,7.8,13.1,SW,41,SE,SW,7,30,42,35,1011.7,1008.9,0,0,24.2,29.9,No,No
2017-01-09,PerthAirport,17.9,36.4,0,10,13.1,E,43,E,WSW,24,26,38,24,1012.1,1007.5,0,0,25.1,34.8,No,No
2017-01-10,PerthAirport,19.7,36.4,0,12.6,13.1,SW,37,E,W,15,26,29,24,1010.5,1007.9,0,0,28.5,35,No,No
2017-01-11,PerthAirport,21.8,37.6,0,12.4,13.1,SW,43,NE,W,11,24,35,35,1006,1003.2,0,1,30.4,31,No,No
2017-01-12,PerthAirport,16.8,24.7,0,10.6,10.8,SW,56,SSW,SW,35,39,36,39,1008.1,1008.5,4,3,22.6,23.3,No,No
2017-01-13,PerthAirport,8,27.2,0,8.2,13.1,SW,39,ENE,WSW,15,24,40,37,1015.7,1012.1,0,0,19.3,25.8,No,No
2017-01-14,PerthAirport,13.2,37.7,0,9,13.1,E,41,ENE,SW,17,15,33,11,1013.2,1009.4,0,0,25.9,36.9,No,No
2017-01-15,PerthAirport,13.6,35.5,0,13,13.1,SW,39,SW,SW,11,24,30,31,1008.4,1005.7,0,1,28.6,32.8,No,No
2017-01-16,PerthAirport,16.2,28.1,0,10,11.5,SW,54,SSW,SW,15,35,53,45,1010.3,1008.8,4,1,21.5,25.7,No,No
2017-01-17,PerthAirport,15.9,31.4,0,7.4,13.2,E,56,E,SSE,30,17,42,25,1014.6,1010.9,0,0,21.8,29.7,No,No
2017-01-18,PerthAirport,16.7,34.4,0,13.2,9.2,E,61,ENE,SW,28,15,40,20,1011.2,1006.2,1,7,24.4,32.6,No,No
2017-01-19,PerthAirport,16.8,25.8,0,10,11.8,WSW,50,SSW,SW,28,33,52,41,1011.9,1010.7,6,1,20.9,23.6,No,No
2017-01-20,PerthAirport,13.4,28.5,0,10,13.1,WSW,39,E,WSW,15,24,41,35,1012.3,1009.5,0,0,21.8,26.9,No,No
2017-01-21,PerthAirport,12.4,34.5,0,8.2,13,SW,44,SSW,SW,13,31,44,24,1008.9,1005,0,0,24.1,32.3,No,No
2017-01-22,PerthAirport,15.8,26.3,0,9.2,13,SW,52,S,SW,28,28,56,37,1010.1,1010.5,1,1,21.9,24.8,No,No
2017-01-23,PerthAirport,9.6,26.9,0,9.2,12.7,SSW,54,SSW,SW,19,35,47,37,1016.7,1015.2,1,0,20.9,25.3,No,No
2017-01-01,Perth,16.3,31.3,0,12.6,13.3,SE,35,ESE,SW,13,19,45,40,1017.2,1013.1,0,0,22.4,27.9,No,No
2017-01-02,Perth,18.2,37.1,0,11.6,13.2,SSW,37,NE,SE,15,9,35,15,1013.8,1010,0,0,27.8,36.7,No,No
2017-01-03,Perth,18.2,40,0,12.2,13.3,SW,35,NE,SSW,11,17,27,15,1010.7,1007.4,0,0,31.8,38.4,No,No
2017-01-04,Perth,18.9,40.9,0,12.6,13.3,ENE,33,NE,W,20,15,19,12,1007.7,1005.2,1,1,34.1,38,No,No
2017-01-05,Perth,20,24.9,0,11.8,8.3,SW,48,W,WSW,11,19,76,59,1007.7,1007.6,7,5,20.8,23.4,No,No
2017-01-06,Perth,16.9,23.2,0,10,9.3,SSW,44,SW,SSW,19,20,46,55,1011.8,1009.6,7,3,19.6,21.6,No,No
2017-01-07,Perth,13.8,24.9,0,7.2,12.9,SSW,43,ESE,SW,7,20,54,50,1012.5,1009.9,1,0,19.8,23.4,No,No
2017-01-08,Perth,13.7,30.6,0,7.8,13.1,SSW,39,SSE,SSW,9,22,43,41,1011.7,1009.3,0,0,24,27.6,No,No
2017-01-09,Perth,17,35.4,0,10,13.1,SSW,37,E,SW,15,19,43,31,1012.1,1008,0,0,24.8,32.6,No,No
2017-01-10,Perth,17.3,35.5,0,12.6,13.1,SW,33,E,WSW,9,17,33,27,1010.4,1008.3,0,0,28,34.1,No,No
2017-01-11,Perth,21.2,36,0,12.4,13.1,SW,39,NE,WSW,9,15,40,37,1006.1,1003.6,0,1,29.2,30.3,No,No
2017-01-12,Perth,17.1,23.5,0.4,10.6,10.8,SW,48,SW,SSW,20,22,51,51,1008.2,1008.9,4,3,20.9,21.4,No,No
2017-01-13,Perth,11.5,26,0,8.2,13.1,SSW,37,E,SSW,9,20,46,42,1015.7,1012.5,0,0,18.8,24.8,No,No
2017-01-14,Perth,14.3,37.2,0,9,13.1,SW,35,ENE,SSW,9,15,37,18,1013.2,1009.7,0,0,25.8,35.7,No,No
2017-01-15,Perth,15.3,35.1,0,13,13.1,SW,39,SSW,SSW,6,19,34,41,1008.4,1006.1,0,1,28.9,29.9,No,No
2017-01-16,Perth,17.7,26,0,10,11.5,SW,50,S,SW,13,26,57,53,1010.3,1009.3,4,1,21.3,24.2,No,No
2017-01-17,Perth,16.1,30.5,0,7.4,13.2,S,37,SE,ESE,13,13,49,29,1014.5,1010.9,0,0,21.5,29.6,No,No
2017-01-18,Perth,16.7,33.8,0,13.2,9.2,SW,41,ENE,SW,15,20,48,30,1011,1006.4,1,7,24.1,31.6,No,No
2017-01-19,Perth,17.3,24.1,0,10,11.8,SW,44,SSW,WSW,15,22,54,54,1011.8,1011,6,1,21.2,22.9,No,No
2017-01-20,Perth,12.4,26.9,0,10,13.1,SW,31,ESE,SSW,9,17,49,46,1012.3,1009.8,0,0,21.2,24.9,No,No
2017-01-21,Perth,14.9,33.1,0,8.2,13,SW,39,S,WSW,7,17,48,36,1009,1005.4,0,0,24.2,29.3,No,No
2017-01-22,Perth,16.8,24.4,0,9.2,13,SSW,46,SSW,SW,15,22,61,48,1010.1,1010.7,1,1,22.2,23.1,No,No
2017-01-23,Perth,12.7,25,0,9.2,12.7,SW,39,SSW,SW,11,20,54,45,1016.8,1015.5,1,0,20.6,23.4,No,No
2017-01-01,SalmonGums,9.9,28,0,NA,NA,SE,43,ESE,E,9,15,65,32,NA,NA,NA,NA,16.8,25.8,No,No
2017-01-02,SalmonGums,14,31.5,0,NA,NA,E,44,E,ENE,15,19,49,21,NA,NA,NA,NA,20.5,30.1,No,No
2017-01-03,SalmonGums,13.5,34.2,0,NA,NA,SE,43,NNE,SSE,15,7,46,14,NA,NA,NA,NA,24,33,No,No
2017-01-04,SalmonGums,14.9,37.4,0,NA,NA,SE,44,N,S,15,11,37,12,NA,NA,NA,NA,26.8,37,No,No
2017-01-05,SalmonGums,16.8,41.6,0,NA,NA,SW,50,NNE,N,20,22,27,9,NA,NA,NA,NA,29.3,41.1,No,No
2017-01-06,SalmonGums,14.3,28.9,0,NA,NA,W,41,SW,WSW,19,17,32,15,NA,NA,NA,NA,20,27.4,No,No
2017-01-07,SalmonGums,11.4,27.5,0,NA,NA,SW,46,SSW,S,20,24,49,36,NA,NA,NA,NA,21.2,26.2,No,No
2017-01-08,SalmonGums,12.8,30.3,0,NA,NA,SSE,39,SSE,SE,9,7,57,24,NA,NA,NA,NA,19.1,28.3,No,No
2017-01-09,SalmonGums,8.1,32.3,0,NA,NA,SSE,41,ESE,S,9,15,53,18,NA,NA,NA,NA,21.4,31.5,No,No
2017-01-10,SalmonGums,8.7,35.7,0,NA,NA,SE,43,NE,SE,17,9,35,14,NA,NA,NA,NA,25.3,34.2,No,No
2017-01-11,SalmonGums,13.8,39.6,0,NA,NA,ENE,44,NNE,NNE,20,17,29,10,NA,NA,NA,NA,29.4,38.7,No,No
2017-01-12,SalmonGums,20.1,28.7,0,NA,NA,SW,52,SW,S,24,30,54,33,NA,NA,NA,NA,23.5,26.1,No,No
2017-01-13,SalmonGums,13.9,26.6,0,NA,NA,SSW,39,SSW,S,19,13,44,27,NA,NA,NA,NA,18.7,25.6,No,No
2017-01-14,SalmonGums,8.2,32.8,0,NA,NA,SSE,33,E,E,15,13,48,18,NA,NA,NA,NA,20.3,31.5,No,No
2017-01-15,SalmonGums,15.3,36.9,0,NA,NA,SW,37,N,NW,22,13,33,10,NA,NA,NA,NA,26.8,35.8,No,No
2017-01-16,SalmonGums,16.3,27.4,0,NA,NA,S,43,SSW,S,22,30,64,58,NA,NA,NA,NA,19.6,21.1,No,Yes
2017-01-17,SalmonGums,12.8,22.4,12.4,NA,NA,SE,33,SE,ESE,17,17,83,43,NA,NA,NA,NA,15.4,21.4,Yes,No
2017-01-18,SalmonGums,10,26.9,0,NA,NA,ENE,35,ENE,ENE,20,19,53,44,NA,NA,NA,NA,18.7,24.9,No,No
2017-01-19,SalmonGums,18,26.9,0,NA,NA,SSW,57,SW,SW,24,31,54,47,NA,NA,NA,NA,24.9,22.9,No,No
2017-01-20,SalmonGums,12.8,28.3,0,NA,NA,SSE,35,SSE,SSE,7,6,60,32,NA,NA,NA,NA,19.5,26.4,No,No
2017-01-21,SalmonGums,13.6,34.1,0,NA,NA,SE,39,NNE,ESE,19,11,48,19,NA,NA,NA,NA,24,32.7,No,No
2017-01-22,SalmonGums,13.9,35.2,0,NA,NA,S,56,NNW,SSW,19,31,35,47,NA,NA,NA,NA,30.8,25.6,No,No
2017-01-23,SalmonGums,10.9,25.7,0,NA,NA,S,50,SSW,S,20,28,52,39,NA,NA,NA,NA,20.2,22.9,No,No
2017-01-01,Walpole,9,22.2,0,NA,NA,SE,39,E,ESE,15,19,62,61,1020.3,1017.6,NA,NA,18.8,21.2,No,No
2017-01-02,Walpole,10.8,27,0,NA,NA,ENE,33,ENE,SE,15,20,65,61,1017,1014.5,NA,NA,21,25.1,No,No
2017-01-03,Walpole,14.6,27.7,0,NA,NA,SSW,30,ENE,S,11,17,60,72,1012.5,1011.8,NA,NA,24.4,23.7,No,No
2017-01-04,Walpole,16.5,29.4,0,NA,NA,SSW,33,ESE,S,11,11,65,65,1011.7,1006.8,NA,NA,23.1,26.5,No,No
2017-01-05,Walpole,17.2,25.1,0,NA,NA,WSW,65,W,W,17,20,78,59,1004.9,1002,NA,NA,20.1,24.1,No,Yes
2017-01-06,Walpole,11.7,20.2,6.6,NA,NA,W,59,W,W,26,24,73,71,1004.9,1006.2,NA,NA,17.3,18.8,Yes,Yes
2017-01-07,Walpole,14,21.4,1.6,NA,NA,SW,39,WSW,WSW,9,19,78,58,1012.2,1011.9,NA,NA,16.4,20.1,Yes,No
2017-01-08,Walpole,10.4,22.2,0,NA,NA,NA,NA,SE,SSE,6,13,69,61,1014.2,1013.1,NA,NA,17.7,20,No,NA
2017-01-09,Walpole,11.2,23.1,NA,NA,NA,SSE,30,S,S,9,13,68,65,1015.3,1013.3,NA,NA,19.6,21.3,NA,No
2017-01-10,Walpole,13.5,22.5,0,NA,NA,SSW,31,SSW,SSE,7,13,72,66,1015.4,1013.4,NA,NA,18.9,21.6,No,No
2017-01-11,Walpole,12.7,25.9,0,NA,NA,SSW,30,ENE,S,7,15,67,71,1008.5,1003,NA,NA,21.2,23.4,No,Yes
2017-01-12,Walpole,13.9,21,1.2,NA,NA,W,63,W,WSW,31,28,57,56,1005.1,1007.4,NA,NA,18.4,18.8,Yes,No
2017-01-13,Walpole,14,20.9,0,NA,NA,SE,31,SSW,SSE,11,17,58,57,1015.4,1015.6,NA,NA,17.4,18.4,No,No
2017-01-14,Walpole,10.7,26.5,0,NA,NA,SSW,31,ENE,S,13,13,64,63,1016.5,1012.9,NA,NA,19.1,23.7,No,No
2017-01-15,Walpole,13.6,24.9,0,NA,NA,SSW,33,S,SW,9,17,83,57,1009.9,1008.5,NA,NA,19.6,23.2,No,No
2017-01-16,Walpole,12.7,22.2,0.4,NA,NA,SSW,33,SW,S,7,15,94,56,1011.7,1012.7,NA,NA,16.3,19.4,No,No
2017-01-17,Walpole,12,20.6,0,NA,NA,SSE,39,SE,SSE,15,19,53,51,1017.9,1017.3,NA,NA,17.5,19.2,No,No
2017-01-18,Walpole,11.2,29.1,0,NA,NA,NE,43,NE,S,24,11,52,43,1013.1,1007.4,NA,NA,19.9,28.7,No,No
2017-01-19,Walpole,14.4,21.4,0,NA,NA,SSW,48,SW,SSW,20,19,68,57,1011.9,1012.1,NA,NA,17.2,19,No,No
2017-01-20,Walpole,13.1,24.1,0,NA,NA,SSW,31,WSW,SW,7,15,64,55,1013.6,1011.2,NA,NA,18.8,22.8,No,No
2017-01-21,Walpole,11.2,23.5,0,NA,NA,SSW,28,WSW,SSE,9,15,70,62,1010.3,1008.3,NA,NA,20.5,22.7,No,Yes
2017-01-22,Walpole,14.7,20.8,1.6,NA,NA,WSW,43,WSW,WSW,22,20,72,51,1010.1,1010.4,NA,NA,17.9,20,Yes,No
2017-01-23,Walpole,13.3,21.4,0.8,NA,NA,SW,35,SW,SW,15,17,62,46,1016.3,1017.2,NA,NA,18.2,19.5,No,No
2017-01-01,Hobart,14.6,18.4,1.4,3.8,NA,SSW,44,ESE,SSW,9,9,89,90,1005.2,1003.8,8,7,15.6,17.3,Yes,Yes
2017-01-02,Hobart,14.3,19.6,34.8,20.2,8.6,SW,48,NE,ESE,6,26,61,67,1013.1,1014.9,5,5,18.4,17,Yes,No
2017-01-03,Hobart,10,20.8,0.2,4.4,6.5,SSE,44,NW,SE,20,26,61,73,1021.4,1021.7,6,4,15.4,16.1,No,No
2017-01-04,Hobart,12.4,24.1,0,5.2,10.1,S,35,NNW,ESE,13,22,64,60,1024,1020.7,7,4,15.9,21,No,No
2017-01-05,Hobart,14.9,20.9,0,6.8,7.1,SSE,39,SE,SE,13,22,66,66,1021.1,1019.8,7,5,19,18.5,No,No
2017-01-06,Hobart,14.6,23,0,6.6,9.2,ESE,31,NNW,ESE,17,19,68,64,1021.3,1019.1,7,1,17.9,21.5,No,No
2017-01-07,Hobart,15.4,27.4,0,5.6,11.8,SE,35,NNW,SE,17,17,63,50,1015.5,1011.5,0,1,22.4,25.8,No,No
2017-01-08,Hobart,20.3,31.3,0.4,8.2,12.1,NW,65,N,NNW,9,30,47,25,999.2,998.8,5,1,23.9,28.7,No,No
2017-01-09,Hobart,13.7,24.5,0,10.6,9.1,NNW,46,NNW,SE,24,28,51,59,1009.5,1008.1,1,1,18.8,20.5,No,No
2017-01-10,Hobart,14.2,24.4,0,7.6,2.9,WNW,48,NNW,WNW,22,19,51,39,1007.5,1004.9,6,7,17.1,23.1,No,No
2017-01-11,Hobart,16.1,22.1,0,5.2,11.2,NW,76,S,NW,20,28,29,31,1001.6,1001.9,7,3,16.8,21,No,No
2017-01-12,Hobart,13.5,23.9,0,9.8,9.4,NNW,43,N,NW,20,20,52,39,1007.3,1006.4,6,1,15.9,23.3,No,No
2017-01-13,Hobart,14.9,26.7,0,7.2,6.6,NW,74,NW,NW,17,41,66,45,994,983.3,8,5,18.2,25.6,No,Yes
2017-01-14,Hobart,12.1,19.6,2.6,8.4,9.6,NW,87,NW,SW,24,22,52,43,989.6,995.6,7,6,16.6,18.6,Yes,No
2017-01-15,Hobart,11.7,20.7,0.2,8.2,10,NW,57,NW,NW,19,30,48,40,1011.8,1011.7,4,2,14.9,20.4,No,No
2017-01-16,Hobart,13.7,24.3,0,7.2,13.4,NNW,52,NNW,ESE,28,19,51,42,1010.7,1007.9,3,1,17.2,22.2,No,No
2017-01-17,Hobart,12.7,24.1,0,10.8,7.6,N,44,N,SE,13,28,50,51,1005.1,1002.4,3,7,19.1,19.7,No,No
2017-01-18,Hobart,13.5,19.6,0,7,11.4,WSW,96,WSW,SW,20,15,43,35,1006,1011.2,2,4,15.5,17,No,No
2017-01-19,Hobart,9.1,17.6,0,9.2,11.2,WSW,35,S,SE,20,20,42,43,1018,1014.2,1,3,14,16.2,No,Yes
2017-01-20,Hobart,11.6,15.8,8.8,7.4,1.3,SSW,44,SSW,ESE,24,2,92,91,999.3,998.6,8,8,12,12.2,Yes,Yes
2017-01-21,Hobart,10.4,22.5,9.8,1.2,8,NW,46,NW,WSW,26,6,100,97,1009,1010.5,7,7,15,21.1,Yes,No
2017-01-22,Hobart,11.7,23.9,0,6.2,11.9,NW,39,N,ESE,17,26,98,98,1013.6,1011.7,1,1,19.2,21.5,No,No
2017-01-23,Hobart,16,26.1,0,8,11.3,SE,33,NNW,SE,13,26,72,48,1008.3,1001.6,2,3,18.8,24.9,No,No
2017-01-01,Launceston,14.8,19.6,0,NA,NA,NW,33,NW,NW,9,19,84,76,NA,NA,8,8,17,17.8,No,No
2017-01-02,Launceston,14.8,26.6,0,NA,NA,SE,35,SE,ESE,20,9,61,37,NA,NA,NA,3,19.3,24.9,No,No
2017-01-03,Launceston,14.4,24.2,0,NA,NA,NW,37,N,NNW,2,9,75,54,NA,NA,7,6,17.3,23.4,No,No
2017-01-04,Launceston,14.1,24,0,NA,NA,NNW,28,SSE,NW,7,11,78,59,NA,NA,8,8,17.6,22.8,No,No
2017-01-05,Launceston,12,27.3,0,NA,NA,NNW,31,SE,NNW,7,7,66,43,NA,NA,NA,0,20.2,26.4,No,No
2017-01-06,Launceston,16.6,27.5,0,NA,NA,NNW,30,ESE,NW,7,15,68,47,NA,NA,NA,1,21.3,26.8,No,No
2017-01-07,Launceston,13.9,29.5,0,NA,NA,NNW,33,E,NW,6,15,66,51,NA,NA,NA,NA,21.6,29.1,No,No
2017-01-08,Launceston,18.1,29.6,0,NA,NA,N,50,N,NNW,9,26,84,44,NA,NA,8,NA,21.1,28,No,No
2017-01-09,Launceston,11.2,25.4,0,NA,NA,NW,43,N,NW,6,22,67,50,NA,NA,NA,NA,17.1,24.6,No,No
2017-01-10,Launceston,11.6,23.2,0,NA,NA,NNW,43,NNW,NNW,17,30,67,62,NA,NA,7,NA,17.1,21.9,No,No
2017-01-11,Launceston,16,24.1,0,NA,NA,NW,44,NNW,WNW,20,19,66,33,NA,NA,NA,NA,18.7,22.8,No,No
2017-01-12,Launceston,11.9,23.5,0,NA,NA,NW,39,NNW,NW,15,28,62,57,NA,NA,5,NA,17,22.3,No,No
2017-01-13,Launceston,14.8,21.2,0,NA,NA,NNW,57,NNW,NNW,6,31,74,92,NA,NA,8,8,18.3,18.9,No,Yes
2017-01-14,Launceston,14.3,22.1,14.2,NA,NA,NNW,50,NW,WNW,28,19,63,49,NA,NA,8,6,16.3,20.2,Yes,No
2017-01-15,Launceston,7.3,22.4,0,NA,NA,NNW,37,NW,NNW,7,20,70,47,NA,NA,NA,NA,13.3,21.7,No,No
2017-01-16,Launceston,10,21.1,0,NA,NA,NW,46,NNW,NW,17,31,69,62,NA,NA,NA,NA,15.7,20.1,No,No
2017-01-17,Launceston,15,24.7,0,NA,NA,NNW,46,NW,NNW,11,31,80,49,NA,NA,8,NA,17.6,23.8,No,No
2017-01-18,Launceston,11.3,22.4,0.4,NA,NA,SW,39,SSW,SW,15,22,39,29,NA,NA,NA,NA,17.1,21.1,No,No
2017-01-19,Launceston,6.3,22.6,0,NA,NA,NW,33,SE,NW,11,15,49,43,NA,NA,1,4,15.6,21.7,No,Yes
2017-01-20,Launceston,12.2,18.9,15,NA,NA,SSE,57,SSE,SSE,15,35,94,74,NA,NA,8,8,13.6,16.3,Yes,Yes
2017-01-21,Launceston,7.5,23.6,8.8,NA,NA,N,37,NW,WNW,6,17,81,52,NA,NA,NA,4,13.2,21.6,Yes,No
2017-01-22,Launceston,9.7,25.1,0,NA,NA,NW,39,N,NNW,4,20,68,41,NA,NA,NA,NA,15.8,24.8,No,No
2017-01-23,Launceston,11.6,30.4,0,NA,NA,NW,35,E,NW,2,15,74,39,NA,NA,NA,NA,18.7,28.6,No,Yes
2017-01-01,AliceSprings,22.7,28.6,NA,NA,NA,SE,31,E,SSE,15,15,63,46,1006.5,1005.5,7,7,26.1,28,NA,No
2017-01-02,AliceSprings,21.9,32.2,0.2,19.8,NA,SE,46,SE,SE,31,26,33,29,1008.9,1006.2,NA,5,26.4,30.6,No,No
2017-01-03,AliceSprings,18.1,33.8,0,12,NA,ESE,39,SE,SE,28,17,32,25,1008.1,1004.4,NA,NA,26.7,32.2,No,No
2017-01-04,AliceSprings,18.5,36.4,0,11.4,NA,ESE,35,ESE,E,17,19,28,29,1006.4,1003.4,NA,NA,28.1,35.4,No,No
2017-01-05,AliceSprings,24,37,0,10.6,NA,E,61,ESE,ENE,11,15,50,34,1005.4,1002,NA,6,31.2,35.4,No,No
2017-01-06,AliceSprings,22.6,37.7,0,8.8,NA,ESE,35,E,E,19,17,52,28,1004.2,1000.3,NA,NA,30.3,36.9,No,No
2017-01-07,AliceSprings,24.1,37.2,0,NA,NA,NNE,35,NNE,NNE,20,17,44,29,1003.3,999.9,NA,5,31.5,36.1,No,No
2017-01-08,AliceSprings,20.6,37.3,0,NA,NA,E,35,E,NE,9,13,37,23,1003.5,1000.7,NA,1,31.1,35.7,No,No
2017-01-09,AliceSprings,22.7,39,0,32.6,NA,ESE,35,NE,ESE,13,19,37,21,1004.2,1000.9,NA,NA,32.6,38.5,No,No
2017-01-10,AliceSprings,28.1,38.1,0,14.6,NA,ESE,57,ENE,NNE,15,26,51,35,1005.7,1002.3,8,8,30.1,35.1,No,Yes
2017-01-11,AliceSprings,24.1,35.5,2,11.8,NA,N,35,ESE,ENE,9,15,79,45,1006.3,1003,7,2,26.9,34.1,Yes,No
2017-01-12,AliceSprings,26,38.1,0,7.4,NA,NNE,33,NW,NNW,19,15,60,36,1005.7,1000.9,NA,NA,30,36.6,No,No
2017-01-13,AliceSprings,27.2,37.4,0,11.6,NA,SE,56,NW,NW,20,30,57,54,1004.5,1001.8,NA,1,31.7,31.8,No,Yes
2017-01-14,AliceSprings,21.8,27.5,30,6.4,NA,E,41,SSE,SE,19,19,100,61,1008.9,1008.4,8,8,21.9,25.6,Yes,NA
2017-01-15,AliceSprings,20.9,31,NA,NA,NA,ESE,33,ESE,ESE,17,19,56,53,1010.8,1007.7,7,NA,24.1,29.5,NA,No
2017-01-16,AliceSprings,20.3,36.5,1,11,NA,ESE,37,SE,ESE,9,17,28,26,1007.2,1003.8,NA,NA,27.9,34.7,No,No
2017-01-17,AliceSprings,24.5,35.3,0,10.4,NA,NE,41,NNE,NE,13,19,60,42,1005.7,1002.6,NA,8,29.8,33.4,No,No
2017-01-18,AliceSprings,25.6,35.7,0,11.2,NA,NNW,46,N,NNE,26,17,66,50,1007.3,1004.3,7,8,28.3,33.7,No,No
2017-01-19,AliceSprings,26.1,37,0,10.6,NA,NNW,44,NW,N,33,28,63,37,1007,1002.7,3,1,29.4,35.9,No,No
2017-01-20,AliceSprings,26.2,37.8,0,11.6,NA,S,43,WNW,NNW,26,26,58,34,1005.4,1002,1,6,30.5,36.6,No,No
2017-01-21,AliceSprings,25.2,36.6,0,NA,NA,NW,59,E,N,17,6,70,40,1008.1,1005,8,5,27.2,34.4,No,No
2017-01-22,AliceSprings,25.8,36.4,0,NA,NA,NNW,33,N,E,15,6,65,38,1008.9,1004.8,7,5,28,35.1,No,Yes
2017-01-23,AliceSprings,22.8,32.9,26.2,NA,NA,ESE,48,WNW,SSW,9,11,79,58,1008.4,1004.4,8,8,25.9,30.9,Yes,No
2017-01-01,Darwin,23.2,31.7,16.8,4.8,6.3,SSW,63,W,W,13,33,86,69,1003.7,1000.4,7,7,25.1,31.1,Yes,Yes
2017-01-02,Darwin,23.5,30.4,109.8,NA,2,WSW,46,S,W,17,26,98,75,1002,999.9,8,7,24.3,28.9,Yes,Yes
2017-01-03,Darwin,24.3,29.3,20.8,4.6,0,NW,48,WNW,WNW,13,28,94,87,1000.7,998.8,8,8,26,28.1,Yes,Yes
2017-01-04,Darwin,24.7,32.3,24,6.6,9.4,NW,50,NW,NNW,30,31,79,67,1002.4,1000.8,5,5,29.3,31.2,Yes,Yes
2017-01-05,Darwin,25.5,32,5.4,7.2,5.6,W,52,NNW,NW,19,19,93,85,1005.5,1004,6,5,25.5,28.8,Yes,Yes
2017-01-06,Darwin,25.3,32,15.2,3.4,8.7,WNW,33,W,WNW,13,24,76,69,1005.6,1002.7,7,7,29.9,30.8,Yes,No
2017-01-07,Darwin,27.5,32.4,0,4.8,6.3,W,39,W,WSW,15,24,76,61,1005.1,1001.9,7,8,29.9,31.4,No,No
2017-01-08,Darwin,28.1,32.7,0,8,6.2,WSW,37,WSW,W,17,24,77,63,1004.5,1002.2,7,7,30,32.1,No,No
2017-01-09,Darwin,28.2,32.4,0,8,9.6,NW,37,WNW,WNW,19,24,73,67,1004.6,1001.8,7,7,29.8,31.9,No,No
2017-01-10,Darwin,27.8,32.8,0.4,5.6,10,WNW,37,WSW,WNW,13,26,75,65,1006.3,1003.8,7,5,30.2,31.9,No,No
2017-01-11,Darwin,27.8,31.8,0.2,7.4,5.4,WNW,46,WNW,NW,20,22,73,70,1006.8,1004.9,5,7,30.1,29.9,No,Yes
2017-01-12,Darwin,25.7,32.8,3,4.2,5.4,W,35,NW,W,15,24,74,66,1006.5,1003.7,6,6,29.6,31.2,Yes,No
2017-01-13,Darwin,27.6,32.4,0,5.8,10.5,NW,37,WNW,WNW,15,26,68,60,1007.7,1006,5,6,30.8,31.5,No,No
2017-01-14,Darwin,27.2,33.2,0,5.2,8.7,NW,31,WNW,WNW,11,19,66,62,1008.7,1006.7,6,7,30.5,31.6,No,No
2017-01-15,Darwin,28,32.9,0,7,7.4,NW,31,SW,NW,7,22,67,64,1010,1006.8,3,7,30.1,31.6,No,No
2017-01-16,Darwin,27.6,33,0,7.4,4,WNW,37,W,WNW,17,24,74,66,1008.5,1006.1,7,7,29.8,30.8,No,Yes
2017-01-17,Darwin,24.9,33.3,1.4,5.4,10.9,NW,31,NNW,WNW,6,17,75,47,1008.9,1006.8,7,5,29.2,32.7,Yes,No
2017-01-18,Darwin,27.1,32.8,0.2,6.8,6,N,37,NW,NNW,9,22,68,74,1010.8,1007.8,4,7,30.4,29.4,No,Yes
2017-01-19,Darwin,24.8,32.6,3,5.4,3.3,WNW,39,WNW,WNW,13,22,79,61,1010.3,1007.7,7,7,27.9,31.3,Yes,Yes
2017-01-20,Darwin,23.8,28.9,25.6,6.8,0.1,WSW,41,NNW,WSW,2,20,93,77,1009.8,1007.1,7,7,26.1,28.5,Yes,Yes
2017-01-21,Darwin,24,31.1,23,3.4,3.3,SW,39,SE,W,4,7,96,72,1011.3,1007.7,7,6,24.4,29.4,Yes,Yes
2017-01-22,Darwin,24.4,32.8,4,1,6.3,WSW,44,WSW,W,9,28,79,65,1009.5,1005.4,7,8,29.4,32.2,Yes,Yes
2017-01-23,Darwin,24.7,30.5,15.2,6.8,0.4,W,48,S,WNW,7,20,83,91,1007.8,1005.5,8,8,27.5,27,Yes,Yes
2017-01-01,Katherine,22.2,29.5,50.8,19.2,NA,WNW,39,NW,WSW,19,15,96,NA,1002.4,998.4,8,NA,23.4,NA,Yes,Yes
2017-01-02,Katherine,23.2,31,69,NA,NA,NNW,28,NNE,NE,9,9,96,NA,1000.2,998,8,NA,25.5,NA,Yes,Yes
2017-01-03,Katherine,24.6,34.3,6.4,4,NA,NE,43,NE,NNE,15,9,79,NA,1001.4,997.8,6,NA,28.5,NA,Yes,Yes
2017-01-04,Katherine,25.4,34.4,8,4.8,NA,N,35,N,NNW,19,20,70,NA,1002.7,1000.3,6,NA,29.1,NA,Yes,No
2017-01-05,Katherine,25.8,34.7,0,4,NA,WNW,39,NW,NW,17,19,72,NA,1005.4,1002.2,3,NA,30,NA,No,No
2017-01-06,Katherine,26.2,34.8,0,4,NA,WNW,35,NW,WNW,20,19,76,NA,1004.9,1001.4,6,NA,29.3,NA,No,No
2017-01-07,Katherine,25.5,34.6,0,8.8,NA,WSW,35,W,WNW,9,17,87,NA,1004.6,1000.2,8,NA,27.5,NA,No,Yes
2017-01-08,Katherine,26.2,33.6,2,5,NA,WSW,46,WNW,SSW,11,19,84,NA,1004.3,1001.3,8,NA,28.2,NA,Yes,Yes
2017-01-09,Katherine,25.1,35,26.8,5.2,NA,WSW,35,WNW,N,11,11,88,NA,1004.5,1000,8,NA,27.7,NA,Yes,Yes
2017-01-10,Katherine,25.1,31,8,5.4,NA,NNW,28,WNW,N,11,15,80,NA,1005.6,1002.9,6,NA,28.7,NA,Yes,Yes
2017-01-11,Katherine,24.3,35.5,3.2,1.8,NA,NW,33,NNW,N,11,9,74,NA,1007.1,1002.9,5,NA,28.7,NA,Yes,No
2017-01-12,Katherine,25.5,35.6,0,8,NA,NW,31,NW,NW,13,11,69,NA,1006.7,1002.6,6,NA,30.5,NA,No,No
2017-01-13,Katherine,26.4,33,0,6.2,NA,W,41,NW,SW,17,17,78,NA,1007.3,1004.7,7,NA,29.5,NA,No,Yes
2017-01-14,Katherine,23,35,16.6,4.6,NA,WNW,28,N,NNW,11,6,81,NA,1009.2,1005.7,7,NA,29,NA,Yes,No
2017-01-15,Katherine,25.5,35.6,0,4,NA,W,30,WNW,WNW,17,15,75,NA,1009.6,1005.5,7,NA,30.5,NA,No,No
2017-01-16,Katherine,26.5,29,0.4,7.2,NA,SE,41,WNW,WNW,15,11,85,NA,1008.1,1006.3,8,NA,28,NA,No,Yes
2017-01-17,Katherine,22.4,35,44.2,16.2,NA,NW,57,NW,NW,11,20,74,NA,1008.9,1005.2,7,NA,28.5,NA,Yes,Yes
2017-01-18,Katherine,24,35,8,0,NA,W,59,N,N,13,13,69,NA,1010.7,1006.2,5,NA,30.5,NA,Yes,Yes
2017-01-19,Katherine,24.5,33.5,21.8,5.8,NA,W,52,WNW,NA,9,0,81,NA,1010.7,1006.5,7,NA,28,NA,Yes,Yes
2017-01-20,Katherine,24,33,35.2,19.2,NA,NW,57,WNW,NW,13,17,74,NA,1008.7,1005.1,7,NA,28.5,NA,Yes,Yes
2017-01-21,Katherine,23.8,33.3,18.8,6,NA,S,43,WNW,NW,17,19,85,NA,1010.3,1005.5,8,NA,27.4,NA,Yes,Yes
2017-01-22,Katherine,23.9,33,36.4,10.2,NA,SE,43,WNW,WNW,13,9,91,NA,1009,1003.8,7,NA,27.1,NA,Yes,Yes
2017-01-23,Katherine,24.5,32,20.6,0.6,NA,ENE,41,W,NNW,9,9,88,NA,1007,1003.1,8,NA,26.5,NA,Yes,Yes
2017-01-29,Katherine,24.5,36.5,0,8,NA,ENE,41,N,E,2,11,69,NA,1010.8,1005.9,1,NA,30.5,NA,No,No
2017-01-30,Katherine,25.5,NA,0,8,NA,ESE,24,NW,ESE,7,13,75,NA,1008.7,1004.7,7,NA,30.5,NA,No,NA
2017-01-31,Katherine,NA,NA,NA,NA,NA,ENE,30,W,E,2,11,NA,NA,1006.8,1002.5,NA,NA,NA,NA,NA,NA
2017-01-01,Uluru,22.3,36.1,0,NA,NA,E,37,SSE,E,19,26,50,26,1007.3,1005,1,NA,27.9,35,No,No
2017-01-02,Uluru,23.2,32.7,0,NA,NA,ESE,46,ESE,ESE,30,20,32,27,1010.3,1007.6,8,3,25.9,31.6,No,No
2017-01-03,Uluru,21.6,35.3,0,NA,NA,E,52,E,ESE,30,22,30,21,1008.9,1005.6,2,NA,27.8,33.2,No,No
2017-01-04,Uluru,20.9,37.8,0,NA,NA,ESE,44,E,ENE,30,19,22,19,1007.5,1004.1,NA,NA,29.4,35.7,No,No
2017-01-05,Uluru,23,39.9,0,NA,NA,E,50,ESE,ENE,30,17,19,18,1005.9,1002.2,NA,NA,32.8,37.9,No,No
2017-01-06,Uluru,23.8,40.1,0,NA,NA,WNW,39,N,NE,6,19,49,26,1003.1,999.7,NA,1,31.7,37.9,No,No
2017-01-07,Uluru,27.7,38.8,0,NA,NA,ENE,50,N,ENE,9,13,50,29,1002.7,998.6,1,NA,31.5,37.5,No,No
2017-01-08,Uluru,25.1,38.6,0,NA,NA,ENE,33,SE,NE,17,9,49,25,1003.5,1000.9,7,4,29.1,37.8,No,No
2017-01-09,Uluru,26.4,39.2,0,NA,NA,SE,35,E,ENE,22,20,38,24,1004.6,1001.4,2,8,32.5,38.1,No,No
2017-01-10,Uluru,27.7,37.4,0,NA,NA,E,44,ESE,E,31,26,34,27,1005.1,1002.9,NA,4,33.3,37.1,No,No
2017-01-11,Uluru,25.7,38.7,0,NA,NA,ENE,61,ESE,E,22,28,52,32,1006.4,1002.2,7,8,31,36.8,No,Yes
2017-01-12,Uluru,21.6,34.1,23.6,NA,NA,NNE,56,E,N,9,20,95,79,1005.1,1001,8,7,24.7,28.7,Yes,Yes
2017-01-13,Uluru,24.7,34.6,3.6,NA,NA,WSW,46,NW,ESE,17,24,68,81,1003.9,1002.8,NA,2,30,29.1,Yes,No
2017-01-14,Uluru,21.5,31.5,0.6,NA,NA,ESE,44,SE,E,24,24,62,42,1010.5,1007.9,8,8,22.7,29.9,No,No
2017-01-15,Uluru,21.8,35.8,0,NA,NA,E,44,E,E,26,20,43,35,1010.4,1006.2,7,NA,26,34.7,No,No
2017-01-16,Uluru,25.3,37.9,0,NA,NA,ENE,39,ENE,NE,28,24,22,22,1007.9,1003.9,NA,NA,30.5,36.9,No,No
2017-01-17,Uluru,23.2,40.1,0,NA,NA,NE,46,ESE,ESE,15,19,29,24,1005.4,1001.6,7,NA,29.7,39.4,No,No
2017-01-18,Uluru,25.4,36.5,0.2,NA,NA,ENE,52,NNE,ENE,13,22,63,42,1005.3,1002.5,NA,6,30.3,35.5,No,Yes
2017-01-19,Uluru,24.5,34.7,3.4,NA,NA,NNW,48,NNW,NW,26,30,73,49,1006,1001.9,6,6,28,33.5,Yes,Yes
2017-01-20,Uluru,26,34.4,1.8,NA,NA,W,39,NW,NW,17,20,67,53,1004.3,1001.9,3,4,29.9,32.4,Yes,Yes
2017-01-21,Uluru,24.7,32.5,2.2,NA,NA,NE,30,ENE,SSE,15,9,74,70,1007.5,1004.9,3,7,28.1,30.2,Yes,Yes
2017-01-22,Uluru,24.5,37.5,3.2,NA,NA,NNE,48,ENE,WSW,4,13,70,38,1007.9,1003.7,NA,4,28.4,36.1,Yes,Yes
2017-01-23,Uluru,23.1,34.5,6.4,NA,NA,SSW,50,ENE,W,19,7,79,56,1007.8,1003.7,8,NA,26,32.9,Yes,Yes
2017-01-24,Uluru,21.8,25.4,17.2,NA,NA,SSE,37,SSE,SE,20,22,100,76,1010.6,1009.6,8,8,21.8,25,Yes,No
2017-01-25,Uluru,21.3,34.2,0.2,NA,NA,E,37,E,E,24,17,80,52,1014.2,1010.4,8,NA,23.7,32.3,No,No
2017-01-26,Uluru,23.6,35.5,0,NA,NA,NE,48,E,ENE,26,22,68,46,1012.8,1009.5,8,NA,27.5,33.7,No,Yes
2017-01-27,Uluru,24.6,37.9,4.2,NA,NA,NE,52,E,ENE,24,17,51,31,1011.2,1007.9,NA,2,29.6,36.2,Yes,No
2017-01-28,Uluru,24.7,39.2,0.2,NA,NA,E,44,ENE,NE,19,19,45,30,1011.7,1008.5,NA,1,31.7,37.4,No,No
2017-01-29,Uluru,25.4,40.3,0,NA,NA,ENE,37,E,SE,17,6,40,20,1012.2,1008.2,NA,1,31.6,38.9,No,No
2017-01-30,Uluru,23.8,41.3,0,NA,NA,W,41,E,SSE,4,7,32,18,1009.5,1006.1,NA,2,33.8,39,No,No
2017-01-31,Uluru,26.1,41.5,0,NA,NA,E,43,ESE,ENE,24,20,45,16,1008.6,1005.4,NA,1,32.1,40.5,No,No
